web-scraper-order;web-scraper-start-url;etat;marque;annee;prix;adresse;description;image_lien
1707773164-1;https://www.expat-dakar.com/motos-scooters?page=25;Venant;SYM;2015;375 000 F Cfa;"Guediawaye,
Dakar";Sym fighter 2015;https://i.roamcdn.net/hz/ed/listing-thumb-224w/0dc2e911feaa904e056c3378d2736ef4/-/horizon-files-prod/ed/picture/q8v5gxzx/0f112e8ee2d79e7240be21c5e963bcf97938a494.jpg
1707773164-2;https://www.expat-dakar.com/motos-scooters?page=25;Venant;Yamaha;;1 200 000 F Cfa;"Liberte 6 extension,
Dakar";Yamaha Xmax 250i Nouveau Modèle;https://i.roamcdn.net/hz/ed/listing-thumb-224w/48875d397654a2818a9a798b14d5e8e4/-/horizon-files-prod/ed/picture/q8vvm4q4/bab37bee6f52a3b92ac6aee447d9fbd0eba117b3.jpg
1707773164-3;https://www.expat-dakar.com/motos-scooters?page=25;Venant;Piaggio;;275 000 F Cfa;"Pikine,
Dakar";Piaggo zip 2temps50cc;https://i.roamcdn.net/hz/ed/listing-thumb-224w/b1798bd71b6b00749b2b86fb6fd3530e/-/horizon-files-prod/ed/picture/qrz299mx/5b8fc60052f81598bd64397cbf49e275c7377a2b.jpg
1707773164-4;https://www.expat-dakar.com/motos-scooters?page=25;Venant;Yamaha;;1 600 000 F Cfa;"Liberte 6 extension,
Dakar";Xmax Let’s Go (Clé commande), Papiers complets;https://i.roamcdn.net/hz/ed/listing-thumb-224w/d06583f736f7fa241cf233d668678c61/-/horizon-files-prod/ed/picture/qzv2eqng/6ae9ba72e5ac84817f7b1c464a795b68f119dd67.jpg
1707773164-5;https://www.expat-dakar.com/motos-scooters?page=25;Neuf;Kymco;;575 000 F Cfa;"Pikine,
Dakar";Kymco like 200i;https://i.roamcdn.net/hz/ed/listing-thumb-224w/5091cdf49a46a3b930580b9672de06fe/-/horizon-files-prod/ed/picture/q429ek4/1a11a0d5e1c96c9042592a870e2c84c3d5e40a0b.jpg
1707773164-6;https://www.expat-dakar.com/motos-scooters?page=25;D'occasion;Kia;2012;3 500 000 F Cfa;"Dieuppeul,
Dakar";Kia Sportage 2012;https://i.roamcdn.net/hz/ed/listing-thumb-224w/31d63481a471f5ffd5178017394cb11a/-/horizon-files-prod/ed/picture/qm5p9pp2/c8ee27fdec0e4376a31aab7834dda46a96ed6537.jpg
1707773164-7;https://www.expat-dakar.com/motos-scooters?page=25;Venant;BMW;2018;17 000 000 F Cfa;"Sacré-cœur,
Dakar";BMW X2 2018;https://i.roamcdn.net/hz/ed/listing-thumb-224w/5731089af961c43d38b7b8581e43bb0b/-/horizon-files-prod/ed/picture/q78vpkpd/f3e6278263046048baa5129ff956fb910b7976ba.jpg
1707773164-8;https://www.expat-dakar.com/motos-scooters?page=25;Venant;TM;2020;3 500 000 F Cfa;"Sacré-cœur,
Dakar";X ADV 2020;https://i.roamcdn.net/hz/ed/listing-thumb-224w/842d86727044ffddc69bc2c9b26acee8/-/horizon-files-prod/ed/picture/q785d6x8/72fc755b33fa30457ebcdb34f8cb42e9974b3d1b.jpg
1707773164-9;https://www.expat-dakar.com/motos-scooters?page=25;;;;30 000 F Cfa;"Médina,
Dakar";Location de voitures tout type de Ford fusion;https://i.roamcdn.net/hz/ed/listing-thumb-224w/5f1260cc72b37c010e073490a691f583/-/horizon-files-prod/ed/picture/qenqmk96/520b29d3b815c88c2876da678d29cf549926dee9.jpg
1707773164-10;https://www.expat-dakar.com/motos-scooters?page=25;;;;30 000 F Cfa;"Almadies 2,
Dakar";Location de voiture Ford fusion;https://i.roamcdn.net/hz/ed/listing-thumb-224w/2f855d0b301f49315d873ca5f12bcb50/-/horizon-files-prod/ed/picture/q448r48m/1e8ed2ade1a96bcad729c96fd4c0b8679543d6ff.jpg
1707773164-11;https://www.expat-dakar.com/motos-scooters?page=25;;;;30 000 F Cfa;"Parcelles Assainies,
Dakar";Location 4X4 Hyundai Tucson;https://i.roamcdn.net/hz/ed/listing-thumb-224w/c073b0c1a8a2bab32464a49e43516e85/-/horizon-files-prod/ed/picture/qv6v7nk/ba66e426e5d489d6a5e8d10e2e68feb7708acc72.jpg
1707773164-12;https://www.expat-dakar.com/motos-scooters?page=25;;;;35 000 F Cfa;"Hann maristes,
Dakar";Location Ford escape;https://i.roamcdn.net/hz/ed/listing-thumb-224w/70422b43dd1948636ea14d0ce29af350/-/horizon-files-prod/ed/picture/qq47k65e/4f145b0caf6055b885b1cd86d86ede7283fd7481.jpg
1707773164-13;https://www.expat-dakar.com/motos-scooters?page=25;Venant;Audi;2016;28 000 000 F Cfa;"Almadies,
Dakar";AUDI Q7 45 TFSI QUATTRO 2016;https://i.roamcdn.net/hz/ed/listing-thumb-224w/dfe0511bedde7e8818b55ad1ed6798ed/-/horizon-files-prod/ed/picture/qngxkq79/51198408fd0d9ef788c9f5cf38470cec4f7bcf94.jpg
1707773164-14;https://www.expat-dakar.com/motos-scooters?page=25;D'occasion;Volkswagen;2013;3 950 000 F Cfa;"Djily mbaye,
Dakar";Golf jetta;https://i.roamcdn.net/hz/ed/listing-thumb-224w/4e7b4b2090cd6d907dbd086d7af921d4/-/horizon-files-prod/ed/picture/qj4rd7g8/45993161487d3e2f587c7f0685aa5c852ae48ef6.jpg
1707773164-15;https://www.expat-dakar.com/motos-scooters?page=25;Venant;Ford;2016;16 500 000 F Cfa;"Sacré-cœur,
Dakar";Ford Explorer 2016 Limited;https://i.roamcdn.net/hz/ed/listing-thumb-224w/a221a5d1aaa152078003c804d58a3c8e/-/horizon-files-prod/ed/picture/q44jw2m9/e185a0e7493aa4240811eb8d75ca17bd8443ca59.jpg
1707773164-16;https://www.expat-dakar.com/motos-scooters?page=25;Venant;Mazda;2015;10 500 000 F Cfa;"Sacré-cœur,
Dakar";Mazda CX5 2015 AWD;https://i.roamcdn.net/hz/ed/listing-thumb-224w/9b6e6163222c2e2b5f75930129ce1aed/-/horizon-files-prod/ed/picture/q9m06ze7/e7c3cd531762379c72c9585bc8abe1e60652935f.jpg
1707773164-17;https://www.expat-dakar.com/motos-scooters?page=25;Venant;Kia;2018;15 000 000 F Cfa;"Sacré-cœur,
Dakar";KIA Sportage 2018 AWD;https://i.roamcdn.net/hz/ed/listing-thumb-224w/1772ed87645f8bfde44b3dcb7bf9e0b9/-/horizon-files-prod/ed/picture/qng5kq8m/0437cd28ac33cc22d3b0bc3333f08edcd5f034aa.jpg
1707773168-18;https://www.expat-dakar.com/motos-scooters?page=24;Venant;SYM;2015;375 000 F Cfa;"Guediawaye,
Dakar";Sym fighter 2015;https://i.roamcdn.net/hz/ed/listing-thumb-224w/0dc2e911feaa904e056c3378d2736ef4/-/horizon-files-prod/ed/picture/q8v5gxzx/0f112e8ee2d79e7240be21c5e963bcf97938a494.jpg
1707773168-19;https://www.expat-dakar.com/motos-scooters?page=24;Venant;Kymco;;450 000 F Cfa;"Pikine,
Dakar";Kymco People 125cc;https://i.roamcdn.net/hz/ed/listing-thumb-224w/43d467d456fd67c4afcd60fe82906ad4/-eyJvciI6OTB9/horizon-files-prod/ed/picture/q8vvq25j/a8d768cb4477e3e3d4c32d68866ac0b41270cd74.jpg
1707773168-20;https://www.expat-dakar.com/motos-scooters?page=24;Venant;Kymco;2021;1 900 000 F Cfa;"Liberte 6 extension,
Dakar";Kymco 400i, Nouveau Modèle 2021 avec ses papiers;https://i.roamcdn.net/hz/ed/listing-thumb-224w/3b2a60107d012bbf1bc3c64ebd8a755e/-/horizon-files-prod/ed/picture/qwezzd8j/8883020b9c84abc915ebbe70326800a545c54ad5.jpg
1707773168-21;https://www.expat-dakar.com/motos-scooters?page=24;Neuf;Autre;2022;;"Ouakam,
Dakar";Motos vélos électriques;https://i.roamcdn.net/hz/ed/listing-thumb-224w/982068b7d07cbb712b83630f458820ea/-/horizon-files-prod/ed/picture/qm5mrgmq/cbdc5a75859da25d43f5a709a78c8a66d957d678.jpg
1707773168-22;https://www.expat-dakar.com/motos-scooters?page=24;Venant;Honda;2021;1 950 000 F Cfa;"Liberte 6 extension,
Dakar";Honda SH Let’s Go 2021 (Venant) avec ses papiers;https://i.roamcdn.net/hz/ed/listing-thumb-224w/b7bd261b19ddbd2f867442854eea2441/-/horizon-files-prod/ed/picture/qdeevw08/326126434da1cc977afa3955c728c5e74064973f.jpg
1707773168-23;https://www.expat-dakar.com/motos-scooters?page=24;Venant;Kymco;2023;425 000 F Cfa;"Pikine,
Dakar";Kymco movie 125cc;https://i.roamcdn.net/hz/ed/listing-thumb-224w/236e17f77f53a672ea1482ecc43ceb77/-eyJvciI6OTB9/horizon-files-prod/ed/picture/q6x67577/3ad2407061f42f62c7b71178972a9b33da41ac44.jpg
1707773168-24;https://www.expat-dakar.com/motos-scooters?page=24;Venant;Suzuki;;450 000 F Cfa;"Pikine,
Dakar";Suzuki sixteen 150i;https://i.roamcdn.net/hz/ed/listing-thumb-224w/bdaf956c4c38388d606d19b0b17e89b6/-/horizon-files-prod/ed/picture/q9mmkn7n/e3716cc9a0c22b7b92bf3b12ea88ea8dd1ae7931.jpg
1707773168-25;https://www.expat-dakar.com/motos-scooters?page=24;D'occasion;Yamaha;2018;2 500 000 F Cfa;"Grand-Yoff,
Dakar";Tmax 530 2018;https://i.roamcdn.net/hz/ed/listing-thumb-224w/3d701aa3e7c5c59988498142918712a7/-/horizon-files-prod/ed/picture/qpddregv/6e5c64f0b5669bcb7a484601e6f5813e734d45fa.jpg
1707773168-26;https://www.expat-dakar.com/motos-scooters?page=24;Venant;Honda;;25 000 F Cfa;"Plateau,
Dakar";Rèdiateur eaux Sh 150;https://i.roamcdn.net/hz/ed/listing-thumb-224w/de0824d43a502fb3254539dcd5a52da5/-/horizon-files-prod/ed/picture/qdeee404/6a7bb73c2e8957d869bab8ca01d52b80e16e3ef3.jpg
1707773168-27;https://www.expat-dakar.com/motos-scooters?page=24;D'occasion;Piaggio;2009;260 000 F Cfa;"Plateau,
Dakar";Liberté 125 CMC;https://i.roamcdn.net/hz/ed/listing-thumb-224w/ff561b8cf0b3e1dc447625eca10eeaf9/-/horizon-files-prod/ed/picture/qq44vg2w/9c81d6e6dfebf432cd4357f8e1d654d522167cd9.jpg
1707773168-28;https://www.expat-dakar.com/motos-scooters?page=24;Venant;Aprilia;;195 000 F Cfa;"Pikine,
Dakar";Aprilia scarabeo 100cc;https://i.roamcdn.net/hz/ed/listing-thumb-224w/58a0c04c9f2cb831574cbcd3a2572a43/-/horizon-files-prod/ed/picture/qxjd4p8n/92ba4d32159b7e1670f08f98dfa7d5979b1e3016.jpg
1707773171-29;https://www.expat-dakar.com/motos-scooters?page=23;Venant;SYM;2015;375 000 F Cfa;"Guediawaye,
Dakar";Sym fighter 2015;https://i.roamcdn.net/hz/ed/listing-thumb-224w/0dc2e911feaa904e056c3378d2736ef4/-/horizon-files-prod/ed/picture/q8v5gxzx/0f112e8ee2d79e7240be21c5e963bcf97938a494.jpg
1707773171-30;https://www.expat-dakar.com/motos-scooters?page=23;D'occasion;Yamaha;2009;;"Parcelles Assainies,
Dakar";YAMAHA X max;https://i.roamcdn.net/hz/ed/listing-thumb-224w/7d8ed8c4d09388474bb442316e461bec/-/horizon-files-prod/ed/picture/qrzqee25/d0a88679b9787e30097fb9ff245830ba08a4585a.jpg
1707773171-31;https://www.expat-dakar.com/motos-scooters?page=23;D'occasion;Ducati;2009;1 500 000 F Cfa;"Ouakam,
Dakar";DUCATI MONSTER 696;https://i.roamcdn.net/hz/ed/listing-thumb-224w/c050cf717da90308a1244705a0521069/-/horizon-files-prod/ed/picture/q564qv87/609d6f6b57489e617a6cc4fc0e50379d38b10d51.jpg
1707773171-32;https://www.expat-dakar.com/motos-scooters?page=23;Venant;Kymco;;375 000 F Cfa;"Pikine,
Dakar";Kymco dink 150cc;https://i.roamcdn.net/hz/ed/listing-thumb-224w/eb6eca662b0b7287d592983f0bdc827b/-eyJvciI6OTB9/horizon-files-prod/ed/picture/qgqg7gv0/975c5f934040dee99f165f0c35980eb8f171eff6.jpg
1707773171-33;https://www.expat-dakar.com/motos-scooters?page=23;Venant;Kymco;;450 000 F Cfa;"Pikine,
Dakar";Kymco new dink 200i;https://i.roamcdn.net/hz/ed/listing-thumb-224w/1c2189b47432985f3c408a994851486b/-eyJvciI6OTB9/horizon-files-prod/ed/picture/qj4jmzp6/8148bd461833f7176781a5835507fc3973c89a1a.jpg
1707773171-34;https://www.expat-dakar.com/motos-scooters?page=23;Neuf;Yamaha;;1 300 000 F Cfa;"Liberte 6 extension,
Dakar";Yamaha Xmax (Nouveau Modèle) avec ses papiers;https://i.roamcdn.net/hz/ed/listing-thumb-224w/3bf4fbc49243c6cbb8daf255151043b2/-/horizon-files-prod/ed/picture/q0g2z79e/7f4ef442a7589377354bdefcd5409050b8433d63.jpg
1707773171-35;https://www.expat-dakar.com/motos-scooters?page=23;Venant;Yamaha;;650 000 F Cfa;"Pikine,
Dakar";Yamaha majesty 400i;https://i.roamcdn.net/hz/ed/listing-thumb-224w/c4b89830457f9b8e7662ca26bdff96ac/-eyJvciI6OTB9/horizon-files-prod/ed/picture/qq4dxdmz/2b644b2470c8d219c5915c5e4901ab631fe914a4.jpg
1707773171-36;https://www.expat-dakar.com/motos-scooters?page=23;Venant;Yamaha;;2 000 000 F Cfa;"Médina,
Dakar";YAMAHA YZFR 125cm ³, avec CMC;https://i.roamcdn.net/hz/ed/listing-thumb-224w/86466f27708851478c74d19d13828e15/-/horizon-files-prod/ed/picture/q787856j/3a5c70e1af3554dd630f0c449db743a879b81d95.jpg
1707773171-37;https://www.expat-dakar.com/motos-scooters?page=23;Venant;Yamaha;2021;;"Parcelles Assainies,
Dakar";Xmax 250;https://i.roamcdn.net/hz/ed/listing-thumb-224w/949002b3cb566dda7fd1fe77b47f71a7/-/horizon-files-prod/ed/picture/qpdw5m0w/69f7c26f52143e4cdfaf368d002811314167ae27.jpg
1707773171-38;https://www.expat-dakar.com/motos-scooters?page=23;D'occasion;Yamaha;2012;550 000 F Cfa;"Grand-Yoff,
Dakar";Xmax 125;https://i.roamcdn.net/hz/ed/listing-thumb-224w/8d569bfd652e544964f940838855258a/-/horizon-files-prod/ed/picture/qj4jwerg/bd709fa89b15ea354d712d4128fc2a162807e669.jpg
1707773171-39;https://www.expat-dakar.com/motos-scooters?page=23;Neuf;Lifan;2022;1 F Cfa;"Castor,
Dakar";Motos et Tricycles;https://i.roamcdn.net/hz/ed/listing-thumb-224w/77e554e0a7dd91ee5acdb46c08a6ce4c/-/horizon-files-prod/ed/picture/qwemvk0p/ba56da2c54210eb84e4d831ce16caf51d8a65bc0.jpg
1707773180-40;https://www.expat-dakar.com/motos-scooters?page=22;Venant;SYM;2015;375 000 F Cfa;"Guediawaye,
Dakar";Sym fighter 2015;https://i.roamcdn.net/hz/ed/listing-thumb-224w/0dc2e911feaa904e056c3378d2736ef4/-/horizon-files-prod/ed/picture/q8v5gxzx/0f112e8ee2d79e7240be21c5e963bcf97938a494.jpg
1707773180-41;https://www.expat-dakar.com/motos-scooters?page=22;Venant;Honda;2019;4 850 000 F Cfa;"Fann,
Dakar";Africa twin sport adventure manuelle;https://i.roamcdn.net/hz/ed/listing-thumb-224w/6dfb047fd0dba0a75e8c43fb9c500efd/-/horizon-files-prod/ed/picture/q787jq6j/d1ca5feef6bf2bf7c2cd08dcc44dc496e8c6e766.jpg
1707773180-42;https://www.expat-dakar.com/motos-scooters?page=22;Venant;Yamaha;;650 000 F Cfa;"Pikine,
Dakar";Yamaha majesty 400i;https://i.roamcdn.net/hz/ed/listing-thumb-224w/e1c68308c363a0421987de19e379a256/-eyJvciI6OTB9/horizon-files-prod/ed/picture/q44d9gr2/a77c760a3f76041788ac8bf324e80ececb251b31.jpg
1707773180-43;https://www.expat-dakar.com/motos-scooters?page=22;Venant;BMW;2007;2 200 000 F Cfa;"Dieuppeul,
Dakar";Bmw k 1200 GT;https://i.roamcdn.net/hz/ed/listing-thumb-224w/e019f9c02d05eb9e6ce8234107ea3874/-/horizon-files-prod/ed/picture/q787nx2g/85018a9c1947a7d938f505e9f86bf1fc4f6555ea.jpg
1707773180-44;https://www.expat-dakar.com/motos-scooters?page=22;D'occasion;Suzuki;2009;2 800 000 F Cfa;"Avenue Bourguiba,
Dakar";Vice Championne du senegal;https://i.roamcdn.net/hz/ed/listing-thumb-224w/a086c6798dcfe03997580cbb9f0f61e9/-/horizon-files-prod/ed/picture/q0gwp2gx/54517d9057464cc3a8fc7391790f2a16d1273c94.jpg
1707773180-45;https://www.expat-dakar.com/motos-scooters?page=22;Venant;Yamaha;;925 000 F Cfa;"Liberte 6 extension,
Dakar";Xmax Nouveau modèle, Venant avec ses papiers;https://i.roamcdn.net/hz/ed/listing-thumb-224w/aa8b24b157f7b7e30689c2b452d106e8/-/horizon-files-prod/ed/picture/qwez7vj4/41cad37909aa33ac9543f31921d5c39ab59758af.jpg
1707773180-46;https://www.expat-dakar.com/motos-scooters?page=22;Venant;Kymco;;475 000 F Cfa;"Pikine,
Dakar";Kymco agility 125cc;https://i.roamcdn.net/hz/ed/listing-thumb-224w/4ed824b241d08f49264b6566f7a0a6c5/-eyJvciI6OTB9/horizon-files-prod/ed/picture/qq4dq7mn/737bb36ee4cbba66737c6aafce253ed2ff6ff859.jpg
1707773180-47;https://www.expat-dakar.com/motos-scooters?page=22;D'occasion;Piaggio;;350 000 F Cfa;"Sacré-cœur,
Dakar";Piaggio Liberty 125 avec carte grise;https://i.roamcdn.net/hz/ed/listing-thumb-224w/b9aa4a5612e721ca619824557f6c2255/-/horizon-files-prod/ed/picture/qwezgdk4/609f50078a514e234512b5f844caf5423c660489.jpg
1707773180-48;https://www.expat-dakar.com/motos-scooters?page=22;Neuf;Bajaj;2020;680 000 F Cfa;"Castor,
Dakar";Motos vitesse;https://i.roamcdn.net/hz/ed/listing-thumb-224w/f9dc34f10845536e2b323ed4868651e4/-/horizon-files-prod/ed/picture/q787erv5/99722c46133d1785468ba35cf524eceb49869178.jpg
1707773180-49;https://www.expat-dakar.com/motos-scooters?page=22;Neuf;Autre;2022;480 000 F Cfa;"Ouakam,
Dakar";MOTO ELECTRIQUE;https://i.roamcdn.net/hz/ed/listing-thumb-224w/f247815e563ac9c8533c998ad0df1ba9/-/horizon-files-prod/ed/picture/q44dgd5z/83b4e9bc5e4b472582195b4879d9b1c66db1f203.jpg
1707773180-50;https://www.expat-dakar.com/motos-scooters?page=22;Venant;Piaggio;;290 000 F Cfa;"Pikine,
Dakar";Piaggio liberty 50cc 2temps;https://i.roamcdn.net/hz/ed/listing-thumb-224w/40dd1947cc231db3e6c7a167690895e9/-eyJvciI6OTB9/horizon-files-prod/ed/picture/q9m8qjgw/5c4ad972d7febe9546acd4055593cd5bae06ade5.jpg
1707773191-51;https://www.expat-dakar.com/motos-scooters?page=21;Venant;SYM;2015;375 000 F Cfa;"Guediawaye,
Dakar";Sym fighter 2015;https://i.roamcdn.net/hz/ed/listing-thumb-224w/0dc2e911feaa904e056c3378d2736ef4/-/horizon-files-prod/ed/picture/q8v5gxzx/0f112e8ee2d79e7240be21c5e963bcf97938a494.jpg
1707773191-52;https://www.expat-dakar.com/motos-scooters?page=21;Venant;SYM;2017;320 000 F Cfa;"Guediawaye,
Dakar";Sym mio 100cc;https://i.roamcdn.net/hz/ed/listing-thumb-224w/7f69e0b89d831295a9e70b80464257fe/-/horizon-files-prod/ed/picture/qxj220jm/e925af31bc572b93aacafc72e536704067eaf64c.jpg
1707773191-53;https://www.expat-dakar.com/motos-scooters?page=21;Neuf;Kymco;2016;380 000 F Cfa;"Guediawaye,
Dakar";Kymco agility 125cc avec cmc;https://i.roamcdn.net/hz/ed/listing-thumb-224w/aaa25f9153623a76c52b22b512bc11c9/-/horizon-files-prod/ed/picture/q4488z42/b3b0cb8c7185f149dcc5d25224f32af3433c12e6.jpg
1707773191-54;https://www.expat-dakar.com/motos-scooters?page=21;Neuf;Aprilia;2020;250 000 F Cfa;"Guediawaye,
Dakar";Aprilia Factory 50;https://i.roamcdn.net/hz/ed/listing-thumb-224w/ce8a055c7129aad60fe98091d6df049d/-/horizon-files-prod/ed/picture/q2jqqvr2/4559fb521d6f01d1caf8e13c6c6a06239540d095.jpg
1707773191-55;https://www.expat-dakar.com/motos-scooters?page=21;Venant;Vespa;2016;230 000 F Cfa;"Guediawaye,
Dakar";Vesp;https://i.roamcdn.net/hz/ed/listing-thumb-224w/54273cfbdb727cbdbb093d70f138caa1/-/horizon-files-prod/ed/picture/qj4rrgjw/f67a9b7355c8fc1626838de06792f1bbd9bf7c66.jpg
1707773191-56;https://www.expat-dakar.com/motos-scooters?page=21;Neuf;Vespa;2018;475 000 F Cfa;"Guediawaye,
Dakar";Vespa 125;https://i.roamcdn.net/hz/ed/listing-thumb-224w/b119d6efb53b98e9a39250f290dc8b36/-/horizon-files-prod/ed/picture/qwe229rp/ead28f1e7eb52e95b3ae457ba6fac9ffb139f3ed.jpg
1707773191-57;https://www.expat-dakar.com/motos-scooters?page=21;D'occasion;Kymco;2015;800 000 F Cfa;"Almadies,
Dakar";Kymko Downtown 300i,;https://i.roamcdn.net/hz/ed/listing-thumb-224w/1791b72e7763a360d530fae53deba798/-/horizon-files-prod/ed/picture/q44dee6v/887ae59b50c5b62cb2c1fa10843ebc4a245cf1eb.jpg
1707773191-58;https://www.expat-dakar.com/motos-scooters?page=21;Venant;Gilera;2012;280 000 F Cfa;"Guediawaye,
Dakar";Gilera runner venant;https://i.roamcdn.net/hz/ed/listing-thumb-224w/956c81aaecd932f8f1e6fc9a3d23adaf/-/horizon-files-prod/ed/picture/q7857n9g/ed981718c5cc8989c76ce09da583153756ceb6f9.jpg
1707773191-59;https://www.expat-dakar.com/motos-scooters?page=21;D'occasion;Yamaha;2018;900 000 F Cfa;"Cité Damel,
Dakar";Yamaha xmax 400 nouveau modèle;https://i.roamcdn.net/hz/ed/listing-thumb-224w/2ac1261dccc3f98f8732b0d3c42ef762/-/horizon-files-prod/ed/picture/qgqg20e4/135d0cae1fdffc3bb4dbd91a0c978b1d62cfaffc.jpg
1707773191-60;https://www.expat-dakar.com/motos-scooters?page=21;Venant;Piaggio;2020;299 000 F Cfa;"Guediawaye,
Dakar";Liberty 50;https://i.roamcdn.net/hz/ed/listing-thumb-224w/e8f0ecc800dbc92d5f1d58c8c4b336f8/-/horizon-files-prod/ed/picture/qen5rmrd/2fcba216afd765a8e6142df7888dcf3285f73de9.jpg
1707773191-61;https://www.expat-dakar.com/motos-scooters?page=21;Neuf;Autre;2022;200 000 F Cfa;"Plateau,
Dakar";Scooter Trotinette Électrique;https://i.roamcdn.net/hz/ed/listing-thumb-224w/bd1838be97af916656f49b37bdf02e59/-/horizon-files-prod/ed/picture/qv4ep9rx/c0f7e2c6d76e480bfe581b95c40c907b75dc2e1b.jpg
1707773196-62;https://www.expat-dakar.com/motos-scooters?page=20;Venant;SYM;2015;375 000 F Cfa;"Guediawaye,
Dakar";Sym fighter 2015;https://i.roamcdn.net/hz/ed/listing-thumb-224w/0dc2e911feaa904e056c3378d2736ef4/-/horizon-files-prod/ed/picture/q8v5gxzx/0f112e8ee2d79e7240be21c5e963bcf97938a494.jpg
1707773196-63;https://www.expat-dakar.com/motos-scooters?page=20;Neuf;Kymco;2012;250 000 F Cfa;"Guediawaye,
Dakar";Kymco agility Avec cmc;https://i.roamcdn.net/hz/ed/listing-thumb-224w/355bf711b6de28fcaea98baef213dbd7/-/horizon-files-prod/ed/picture/qkrg8xgp/6f8ab8f2291c36bc185b8d5b0e74eb32147323ec.jpg
1707773196-64;https://www.expat-dakar.com/motos-scooters?page=20;Neuf;Honda;2022;1 400 000 F Cfa;"Guediawaye,
Dakar";Honda sh 150i 2022;https://i.roamcdn.net/hz/ed/listing-thumb-224w/d8cd901849ffe6470e97f169283288d5/-/horizon-files-prod/ed/picture/q6xkk2dg/4f821435fe26e6b0d5173908cd85756935ad14a0.jpg
1707773196-65;https://www.expat-dakar.com/motos-scooters?page=20;Venant;Yamaha;2019;1 700 000 F Cfa;"Liberte 6 extension,
Dakar";Yamaha Xmax Let’s Go (Version TECHMAX);https://i.roamcdn.net/hz/ed/listing-thumb-224w/1a2cdf6f185bc100cb2ee5197b72b7f6/-/horizon-files-prod/ed/picture/q9m98kg6/bb799b0c91f7b29b53b425aedb628a59a5e3f004.jpg
1707773196-66;https://www.expat-dakar.com/motos-scooters?page=20;Venant;Aprilia;2020;180 000 F Cfa;"Guediawaye,
Dakar";TROTINETTE électrique;https://i.roamcdn.net/hz/ed/listing-thumb-224w/e88e3712aec59792fc0de7778f09a91e/-/horizon-files-prod/ed/picture/q8v5zwqn/417fe8aa739dcf07428089be94d35f4f186a1537.jpg
1707773196-67;https://www.expat-dakar.com/motos-scooters?page=20;Venant;Gilera;2003;250 000 F Cfa;"Guediawaye,
Dakar";Gilera runner 50cc;https://i.roamcdn.net/hz/ed/listing-thumb-224w/aac17ee78f996831ccfe81507f21c0fd/-/horizon-files-prod/ed/picture/q448n684/8dff9c5907adbdf36cf5af91feeae15813905fa9.jpg
1707773196-68;https://www.expat-dakar.com/motos-scooters?page=20;Neuf;Piaggio;2018;230 000 F Cfa;"Guediawaye,
Dakar";Piaggo typhon 50cc;https://i.roamcdn.net/hz/ed/listing-thumb-224w/40b115ba5036086dabf8f13b1b916ea7/-/horizon-files-prod/ed/picture/q9m9jn87/4f5930f54584141907ceb486e362ec55af1ff5d2.jpg
1707773196-69;https://www.expat-dakar.com/motos-scooters?page=20;Neuf;MBK;2022;330 000 F Cfa;"Guediawaye,
Dakar";MBK nitro 50cc;https://i.roamcdn.net/hz/ed/listing-thumb-224w/4cd99d92a822f1dfdab1ae1effbff94b/-/horizon-files-prod/ed/picture/q56xdz45/e4a5270fae7a92dcd63a762172a187058d178c02.jpg
1707773196-70;https://www.expat-dakar.com/motos-scooters?page=20;Neuf;Piaggio;2017;850 000 F Cfa;"Guediawaye,
Dakar";BEVERLY TOURER 300i;https://i.roamcdn.net/hz/ed/listing-thumb-224w/6de1c08079d398905bfb9a6ab7822d7a/-/horizon-files-prod/ed/picture/qgq9w42r/4a3070e60ec963d53b1a37b5e6f95f8858d79361.jpg
1707773196-71;https://www.expat-dakar.com/motos-scooters?page=20;Venant;Kymco;;390 000 F Cfa;"Pikine,
Dakar";Kymco movie 125cc;https://i.roamcdn.net/hz/ed/listing-thumb-224w/e1def2276b1fff62dd279c9312454712/-eyJvciI6OTB9/horizon-files-prod/ed/picture/qngd5w9e/24af363a5cecf8721995b74d28f7d014346c563b.jpg
1707773196-72;https://www.expat-dakar.com/motos-scooters?page=20;Neuf;Autre;2023;;"Ouakam,
Dakar";Moto électrique;https://i.roamcdn.net/hz/ed/listing-thumb-224w/21033a5f2a63e643df680bbdbd050c1b/-/horizon-files-prod/ed/picture/qgq95er2/c2c7ca136a0335df9b061e324b1212577d17d29e.jpg
1707773204-73;https://www.expat-dakar.com/motos-scooters?page=19;Venant;SYM;2015;375 000 F Cfa;"Guediawaye,
Dakar";Sym fighter 2015;https://i.roamcdn.net/hz/ed/listing-thumb-224w/0dc2e911feaa904e056c3378d2736ef4/-/horizon-files-prod/ed/picture/q8v5gxzx/0f112e8ee2d79e7240be21c5e963bcf97938a494.jpg
1707773204-74;https://www.expat-dakar.com/motos-scooters?page=19;Venant;Honda;2016;1 300 000 F Cfa;"Fass,
Dakar";Honda SH let’s go;https://i.roamcdn.net/hz/ed/listing-thumb-224w/cee9579a81945add45c2254303dcf688/-/horizon-files-prod/ed/picture/qv4edz7x/9580f6f7397bb3d0fafc7e2ffecf78e4336bbd46.jpg
1707773204-75;https://www.expat-dakar.com/motos-scooters?page=19;Venant;Hyosung;2016;1 500 000 F Cfa;"Amitié,
Dakar";HYOSUNG COMET GT650 2016;https://i.roamcdn.net/hz/ed/listing-thumb-224w/582a78a7574a559b0b304911f61a14fb/-/horizon-files-prod/ed/picture/qgq9md09/01bdb7e1e7df5f163d11f631489e7c01310311f1.jpg
1707773204-76;https://www.expat-dakar.com/motos-scooters?page=19;Venant;Beta;2022;1 500 000 F Cfa;"Grand-Dakar,
Dakar";Moto cross beta 50c 2022;https://i.roamcdn.net/hz/ed/listing-thumb-224w/a835946be4d835dea7b5377b19a705ff/-/horizon-files-prod/ed/picture/q0gp4256/0dc42aac009c5d83ce2dc6263da94d402ac6f2c3.jpg
1707773204-77;https://www.expat-dakar.com/motos-scooters?page=19;Neuf;Autre;2023;12 000 F Cfa;"Plateau,
Dakar";Antivol Moto - Verrouillage de disque avec alarme C;https://i.roamcdn.net/hz/ed/listing-thumb-224w/f1daf4cc4a27959ebf564bb7e7a6befe/-/horizon-files-prod/ed/picture/qenqr9gz/3aef05d8c28d1d925784067801626706687043bd.png
1707773204-78;https://www.expat-dakar.com/motos-scooters?page=19;D'occasion;Autre;2020;300 000 F Cfa;"Almadies,
Dakar";Haojue 110-5 avec carte grise;https://i.roamcdn.net/hz/ed/listing-thumb-224w/12e6bea280ee9ebc0aa6fde39b8115c6/-eyJvciI6MH0%3D/horizon-files-prod/ed/picture/qenqr9q2/1239eb5f6bb9bca1f72d767676ba18b88ee08871.jpg
1707773204-79;https://www.expat-dakar.com/motos-scooters?page=19;Venant;Gilera;2016;200 000 F Cfa;"Guediawaye,
Dakar";Gilera runner 50cc;https://i.roamcdn.net/hz/ed/listing-thumb-224w/9ecaf60d5cbf24f2ef4be8c0faf9126b/-/horizon-files-prod/ed/picture/q6xkqkw7/414019929c7522437ba6b78321032002cfa8082e.jpg
1707773204-80;https://www.expat-dakar.com/motos-scooters?page=19;Neuf;MBK;2015;250 000 F Cfa;"Guediawaye,
Dakar";MBK nitro;https://i.roamcdn.net/hz/ed/listing-thumb-224w/bc935cd036d52dc42c0530301f03c55f/-/horizon-files-prod/ed/picture/qdek9km8/b021ea275367e2e9261d8f2f5493dfe613fd315c.jpg
1707773204-81;https://www.expat-dakar.com/motos-scooters?page=19;Venant;SYM;2018;330 000 F Cfa;"Guediawaye,
Dakar";Sym jet 125cc avec carte grise;https://i.roamcdn.net/hz/ed/listing-thumb-224w/8fcb305cbc0094a28bf7945a67398147/-/horizon-files-prod/ed/picture/qpd6g6r4/19a08120717851e099a462a1040aa850c3f78f47.jpg
1707773204-82;https://www.expat-dakar.com/motos-scooters?page=19;Neuf;SYM;2018;250 000 F Cfa;"Guediawaye,
Dakar";Sym 4T 50cc;https://i.roamcdn.net/hz/ed/listing-thumb-224w/4a4c5efb9bad716eb0214082e5c5aaa5/-/horizon-files-prod/ed/picture/qj4r6r9g/0d3303e483e8cbddd73cfe811598cc99651543f9.jpg
1707773204-83;https://www.expat-dakar.com/motos-scooters?page=19;Venant;BMW;2021;4 500 000 F Cfa;"Virage,
Dakar";BMW 850 GS SUPER ETAT;https://i.roamcdn.net/hz/ed/listing-thumb-224w/8763cf63e7894fe9b70937d0af9ed1b1/-/horizon-files-prod/ed/picture/qkrg8qrw/f90c881ac8c23a6dcfb11c0eae7b7a3c53380658.jpg
1707773212-84;https://www.expat-dakar.com/motos-scooters?page=18;Venant;SYM;2015;375 000 F Cfa;"Guediawaye,
Dakar";Sym fighter 2015;https://i.roamcdn.net/hz/ed/listing-thumb-224w/0dc2e911feaa904e056c3378d2736ef4/-/horizon-files-prod/ed/picture/q8v5gxzx/0f112e8ee2d79e7240be21c5e963bcf97938a494.jpg
1707773212-85;https://www.expat-dakar.com/motos-scooters?page=18;Neuf;Piaggio;2012;600 000 F Cfa;"Golf,
Dakar";Scooter PIAGGIO Liberty Nouveau modèle;https://i.roamcdn.net/hz/ed/listing-thumb-224w/a199d08aa2d7f4339e87c05c679828b7/-/horizon-files-prod/ed/picture/qv4egwd5/196bf1ceb79e9b353fbf1e43f032d919182747fd.jpg
1707773212-86;https://www.expat-dakar.com/motos-scooters?page=18;Venant;Honda;2021;1 500 000 F Cfa;"Almadies,
Dakar";HONDA PCX 2021 let’s go;https://i.roamcdn.net/hz/ed/listing-thumb-224w/8f8f537739d6c37d1fc572959445ea3b/-/horizon-files-prod/ed/picture/qzvdzde8/5d16311c4a44e907bf031b771370fe676397b33a.jpg
1707773212-87;https://www.expat-dakar.com/motos-scooters?page=18;Venant;MBK;2012;200 000 F Cfa;"Guediawaye,
Dakar";Mbk booster compétition;https://i.roamcdn.net/hz/ed/listing-thumb-224w/74e522284286c2f0145b8b7daac63c95/-/horizon-files-prod/ed/picture/qq4797w4/3dc6d1c789a86037513bf1f0b32821c03cab9b37.jpg
1707773212-88;https://www.expat-dakar.com/motos-scooters?page=18;D'occasion;Suzuki;2005;375 000 F Cfa;"Castor,
Dakar";Suzuki Burgman 400 (vert);https://i.roamcdn.net/hz/ed/listing-thumb-224w/4eae67eebbd857c7302bd7cde805c5c1/-/horizon-files-prod/ed/picture/q0gwk09g/77a3af47e772f7ff144db92c045d467a05def0b6.jpg
1707773212-89;https://www.expat-dakar.com/motos-scooters?page=18;Neuf;Autre;2023;305 000 F Cfa;"Grand-Dakar,
Dakar";Trottinette électrique avec siège;https://i.roamcdn.net/hz/ed/listing-thumb-224w/87cbd8461d64cf7c3901379e558694ae/-/horizon-files-prod/ed/picture/qv4ewnjj/9b610a80e8c910cfd3284fedd399c04809c54c16.jpg
1707773212-90;https://www.expat-dakar.com/motos-scooters?page=18;Neuf;Honda;2018;3 800 000 F Cfa;"Golf,
Dakar";Africa twin;https://i.roamcdn.net/hz/ed/listing-thumb-224w/55fec128501942a0405a6c7ba033d0a2/-/horizon-files-prod/ed/picture/q2jq7zng/d0a1f1df9e55424e261d2bc5cf17dc8511f23731.png
1707773212-91;https://www.expat-dakar.com/motos-scooters?page=18;Venant;Suzuki;2017;2 200 000 F Cfa;"Patte d‘oie,
Dakar";SUZUKI LTR 450 2017;https://i.roamcdn.net/hz/ed/listing-thumb-224w/8660e0a9502a506b9fa938bc5a701e84/-/horizon-files-prod/ed/picture/q4488wdm/09edf3aeeea0331c872981d77b324594d5b927b6.jpg
1707773212-92;https://www.expat-dakar.com/motos-scooters?page=18;Neuf;Yamaha;2008;800 000 F Cfa;"Liberte 6 extension,
Dakar";Yamaha Xmax 250 Injection (Venant, avec ses papiers);https://i.roamcdn.net/hz/ed/listing-thumb-224w/7b62ff024ee0f9f6443a7bf2a8e89207/-/horizon-files-prod/ed/picture/qenqr086/a782db4848d8e778c2004c46e490138a5a797844.jpg
1707773212-93;https://www.expat-dakar.com/motos-scooters?page=18;Neuf;Yamaha;2022;4 500 000 F Cfa;"Golf,
Dakar";Yamaha tenere 700;https://i.roamcdn.net/hz/ed/listing-thumb-224w/f88a3907431bbbb8beaef97ad93df0bf/-/horizon-files-prod/ed/picture/qxj28qrw/d0f8010e3020bdc9d3d5504b46beb8befef1379d.jpg
1707773212-94;https://www.expat-dakar.com/motos-scooters?page=18;Venant;Yamaha;2021;2 300 000 F Cfa;"Fass,
Dakar";Yamaha XMAX 2021-2022;https://i.roamcdn.net/hz/ed/listing-thumb-224w/4cb2a6f928900146877b3946277c277f/-/horizon-files-prod/ed/picture/q785jgeg/87284cc69efe09e33b295d510de229f6a9c2716b.jpg
1707773221-95;https://www.expat-dakar.com/motos-scooters?page=17;Venant;SYM;2015;375 000 F Cfa;"Guediawaye,
Dakar";Sym fighter 2015;https://i.roamcdn.net/hz/ed/listing-thumb-224w/0dc2e911feaa904e056c3378d2736ef4/-/horizon-files-prod/ed/picture/q8v5gxzx/0f112e8ee2d79e7240be21c5e963bcf97938a494.jpg
1707773221-96;https://www.expat-dakar.com/motos-scooters?page=17;Venant;Honda;2018;3 200 000 F Cfa;"Plateau,
Dakar";XADV 2018 avec 2 clé let’s go et cmc;https://i.roamcdn.net/hz/ed/listing-thumb-224w/181129e5223aef298becff325074fc7a/-/horizon-files-prod/ed/picture/qngx0g0m/1e8daf5f1ac93ede9ea53c0407f79f6354875662.jpg
1707773221-97;https://www.expat-dakar.com/motos-scooters?page=17;Venant;Honda;2020;1 750 000 F Cfa;"Liberte 6 extension,
Dakar";Honda Forza Let’s Go 300 Injection (Venant);https://i.roamcdn.net/hz/ed/listing-thumb-224w/71b0cc75097d47710838170920b3355d/-/horizon-files-prod/ed/picture/q8v5pq5x/25ef6a0fc9bae7fb428910be94764eb8749da314.jpg
1707773221-98;https://www.expat-dakar.com/motos-scooters?page=17;Venant;Piaggio;2011;800 000 F Cfa;"Hlm,
Dakar";Beverly Carnaby 300 - Injection;https://i.roamcdn.net/hz/ed/listing-thumb-224w/fc95b03e9d363b5c794374c52d191a77/-/horizon-files-prod/ed/picture/q8v5pw0r/8a9fb97652a77aa922816e95457909936e67265e.jpg
1707773221-99;https://www.expat-dakar.com/motos-scooters?page=17;D'occasion;TGB;2009;3 100 000 F Cfa;"Sicap Liberté,
Dakar";Quad;https://i.roamcdn.net/hz/ed/listing-thumb-224w/da82cdb03607f07a7d9d275a5041683d/-/horizon-files-prod/ed/picture/qpd609rm/281d516b9f231429a5bdd32de04e995edac685a1.jpg
1707773221-100;https://www.expat-dakar.com/motos-scooters?page=17;D'occasion;BMW;2020;4 000 000 F Cfa;"Plateau,
Dakar";Vends Bmw hp 1250;https://i.roamcdn.net/hz/ed/listing-thumb-224w/83faf4a9d4144fa2f3fe54499bd17f8b/-/horizon-files-prod/ed/picture/q2jq72d6/d3a38b83955e44cd4cdb5df5a579db985a0e6137.jpg
1707773221-101;https://www.expat-dakar.com/motos-scooters?page=17;D'occasion;MBK;2008;300 000 F Cfa;"Ngor,
Dakar";Booster mbk;https://i.roamcdn.net/hz/ed/listing-thumb-224w/7cd1542ab6beefbb3e4b2679ab3ec876/-/horizon-files-prod/ed/picture/qrzvn4kx/38571388857d22bf73be7f6574523b1cfbfbbff5.jpg
1707773221-102;https://www.expat-dakar.com/motos-scooters?page=17;Venant;Honda;2023;425 000 F Cfa;"Pikine,
Dakar";Honda panthéon 150cc;https://i.roamcdn.net/hz/ed/listing-thumb-224w/fd165047a14345d525d5defb355593ad/-/horizon-files-prod/ed/picture/qq4795mw/b1551870b20b0d39be5211e2644b54f86e136584.jpg
1707773221-103;https://www.expat-dakar.com/motos-scooters?page=17;Venant;Kymco;2021;1 900 000 F Cfa;"Liberte 6 extension,
Dakar";Kymco Xciting S 400 (2021) Nouveau Modèle;https://i.roamcdn.net/hz/ed/listing-thumb-224w/6ba77f45231bc07c0931494e932a8ec2/-/horizon-files-prod/ed/picture/q9m99ww0/c16e4279090a423490028d139ce6bf5d6b37f658.jpg
1707773221-104;https://www.expat-dakar.com/motos-scooters?page=17;D'occasion;Honda;2021;5 000 000 F Cfa;"Plateau,
Dakar";Honda XRV Africa Twin 2021;https://i.roamcdn.net/hz/ed/listing-thumb-224w/e2e11af4c5a82db40be8c2b74424deb6/-/horizon-files-prod/ed/picture/qrzqpx74/1667c779ed55391733e7b8ddf3208305972ba828.jpg
1707773221-105;https://www.expat-dakar.com/motos-scooters?page=17;Venant;Yamaha;2019;2 800 000 F Cfa;"Plateau,
Dakar";Tmax Dx 2019;https://i.roamcdn.net/hz/ed/listing-thumb-224w/4531773dc1a8a283323992482a38dbaa/-/horizon-files-prod/ed/picture/q6xknnqg/a2cdedc41e358c1cef5a27c7a2d012ade64a1dd5.jpg
1707773231-106;https://www.expat-dakar.com/motos-scooters?page=16;Venant;SYM;2015;375 000 F Cfa;"Guediawaye,
Dakar";Sym fighter 2015;https://i.roamcdn.net/hz/ed/listing-thumb-224w/0dc2e911feaa904e056c3378d2736ef4/-/horizon-files-prod/ed/picture/q8v5gxzx/0f112e8ee2d79e7240be21c5e963bcf97938a494.jpg
1707773231-107;https://www.expat-dakar.com/motos-scooters?page=16;Neuf;Autre;2020;595 000 F Cfa;"Castor,
Dakar";Jakarta Aganama;https://i.roamcdn.net/hz/ed/listing-thumb-224w/e123de53e7ee6390e33af2d0d8bbd0e8/-/horizon-files-prod/ed/picture/qv4eeewg/038efd4898ba0c1e593350bfcac013dbf3effb23.jpg
1707773231-108;https://www.expat-dakar.com/motos-scooters?page=16;Neuf;KTM;2020;580 000 F Cfa;"Castor,
Dakar";Moto deux Roues;https://i.roamcdn.net/hz/ed/listing-thumb-224w/965a0353bcd93d98068dd9daec489774/-/horizon-files-prod/ed/picture/q785jvxx/e169746368356490aaff36785005e888acf55ae5.jpg
1707773231-109;https://www.expat-dakar.com/motos-scooters?page=16;Neuf;Autre;2023;1 F Cfa;"Castor,
Dakar";Tricycle;https://i.roamcdn.net/hz/ed/listing-thumb-224w/ea0ee19c825c8f430befce52a4f36a03/-/horizon-files-prod/ed/picture/qpd6g65m/6dd62eb0f5465a71bda5ae50c19e1842bd00a1b8.jpg
1707773231-110;https://www.expat-dakar.com/motos-scooters?page=16;Neuf;Autre;2023;1 F Cfa;"Castor,
Dakar";Casque Moto;https://i.roamcdn.net/hz/ed/listing-thumb-224w/4aa6d36b7a32527786d6b21a03cf7107/-/horizon-files-prod/ed/picture/qgq9p4gr/a06023fe252b612e1e48fca15844c002ce4e7adc.jpg
1707773231-111;https://www.expat-dakar.com/motos-scooters?page=16;Neuf;KTM;2023;460 000 F Cfa;"Castor,
Dakar";Moto jakarta;https://i.roamcdn.net/hz/ed/listing-thumb-224w/0119810018dd0fb328e3534fc1bd8b2a/-/horizon-files-prod/ed/picture/qwe2gnzk/46b4a33691b2b7b1f60f3c7b9c627eb040bbcc35.jpg
1707773231-112;https://www.expat-dakar.com/motos-scooters?page=16;Neuf;Autre;2023;12 000 F Cfa;"Castor,
Dakar";Antivol alarme en U;https://i.roamcdn.net/hz/ed/listing-thumb-224w/0375d0a37485a046d5c225a521d09d42/-/horizon-files-prod/ed/picture/qv4e9wjm/5d07887532f9a1f3da867e00175473df4d0b5af3.jpg
1707773231-113;https://www.expat-dakar.com/motos-scooters?page=16;D'occasion;Piaggio;2012;400 000 F Cfa;"Sicap Sacré-cœur,
Dakar";Scooter PIAGGIO Liberty 125;https://i.roamcdn.net/hz/ed/listing-thumb-224w/ceed5ad4e11ed102e8c280fbf695b274/-/horizon-files-prod/ed/picture/q9m9r700/c15699c174607fcc7e2de1d9f15c7aa704a8f2a4.jpg
1707773231-114;https://www.expat-dakar.com/motos-scooters?page=16;D'occasion;Honda;2018;2 300 000 F Cfa;"Hann maristes,
Dakar";A vendre Africa twin 1000;https://i.roamcdn.net/hz/ed/listing-thumb-224w/5bd663a2bc518ac5bdec11e9f93bb6d1/-/horizon-files-prod/ed/picture/qv4eg25v/a6de59a9b381c6981576ba9b84beca6325c832b8.jpg
1707773231-115;https://www.expat-dakar.com/motos-scooters?page=16;D'occasion;Lifan;2023;700 000 F Cfa;"Ouakam,
Dakar";125 Lifan;https://i.roamcdn.net/hz/ed/listing-thumb-224w/4ffc986b50ee56d6370a23771379d04f/-/horizon-files-prod/ed/picture/q8v5mpwx/5deef512f1edc28e13a094c29b17dc0e2b054580.jpg
1707773231-116;https://www.expat-dakar.com/motos-scooters?page=16;Venant;Gilera;2006;285 000 F Cfa;"Amitié,
Dakar";Gilera Stalker 2t 80cc;https://i.roamcdn.net/hz/ed/listing-thumb-224w/1bc76714080f489e920ab56d946e2375/-/horizon-files-prod/ed/picture/q9m9rmqw/22941b72299868dc5cb144dac60fd3c665af8cc3.jpg
1707773236-117;https://www.expat-dakar.com/motos-scooters?page=15;Venant;SYM;2015;375 000 F Cfa;"Guediawaye,
Dakar";Sym fighter 2015;https://i.roamcdn.net/hz/ed/listing-thumb-224w/0dc2e911feaa904e056c3378d2736ef4/-/horizon-files-prod/ed/picture/q8v5gxzx/0f112e8ee2d79e7240be21c5e963bcf97938a494.jpg
1707773236-118;https://www.expat-dakar.com/motos-scooters?page=15;D'occasion;Piaggio;2012;350 000 F Cfa;"Sicap Liberté,
Dakar";Liberty 125 injection;https://i.roamcdn.net/hz/ed/listing-thumb-224w/c8569ce16d7a95c63073874e4a7e647c/-/horizon-files-prod/ed/picture/q448624m/b5820efb08cec06d929a5f42c15a7795cae6ced5.jpg
1707773236-119;https://www.expat-dakar.com/motos-scooters?page=15;Venant;BMW;2007;2 200 000 F Cfa;"Dieuppeul,
Dakar";Bmw 1200;https://i.roamcdn.net/hz/ed/listing-thumb-224w/ec2e6ea767a598b530e4896a474fa662/-/horizon-files-prod/ed/picture/qv4ekxvv/89dbce2bfd072dea63a0b1feb658e79add49bb79.jpg
1707773236-120;https://www.expat-dakar.com/motos-scooters?page=15;Venant;Piaggio;2014;750 000 F Cfa;"Guediawaye,
Dakar";Vespa 250i;https://i.roamcdn.net/hz/ed/listing-thumb-224w/fb3fcb57ccdf11fe1213109e642d579f/-/horizon-files-prod/ed/picture/q8v59n0p/980e3d88d25cf815760392928b7e2cbe4d029bb2.jpg
1707773236-121;https://www.expat-dakar.com/motos-scooters?page=15;Venant;Honda;2021;5 750 000 F Cfa;"Médina,
Dakar";AFRICAIN TWIN 2021;https://i.roamcdn.net/hz/ed/listing-thumb-224w/1c7c366028d306e8ec9f8622979f0b95/-/horizon-files-prod/ed/picture/q9m95w26/24fad1967a3bd7f3d910758ab6b4376457db35fe.jpg
1707773236-122;https://www.expat-dakar.com/motos-scooters?page=15;Neuf;Autre;2022;;"Ouakam,
Dakar";VÉLO ÉLECTRIQUE;https://i.roamcdn.net/hz/ed/listing-thumb-224w/e252f3f093f5882ff79ee6d4d3b5615b/-/horizon-files-prod/ed/picture/qwezqkx4/693b12ab8fbf0d664ae8ef83053c256dba289a7d.jpg
1707773236-123;https://www.expat-dakar.com/motos-scooters?page=15;Venant;BMW;2022;9 500 000 F Cfa;"Almadies,
Dakar";GSA1250 À 20000km;https://i.roamcdn.net/hz/ed/listing-thumb-224w/3823d519bd4c6df466023c20a3f64211/-/horizon-files-prod/ed/picture/q0gw99jj/634fadc1521eae7e1c9303c68c1150b97b4e9a22.jpg
1707773236-124;https://www.expat-dakar.com/motos-scooters?page=15;Neuf;Honda;2021;1 900 000 F Cfa;"Mermoz,
Dakar";Scooter;https://i.roamcdn.net/hz/ed/listing-thumb-224w/7e44cf0dda6722f8d074afc43db22f88/-/horizon-files-prod/ed/picture/qpd6jnmp/5db8e238f8264f09bb8c43b001c2db58ff9e30c3.jpg
1707773236-125;https://www.expat-dakar.com/motos-scooters?page=15;Neuf;Autre;2023;31 000 F Cfa;"Castor,
Dakar";Casque Moto intégral;https://i.roamcdn.net/hz/ed/listing-thumb-224w/ebc03d71c0c35e26e221dce5906812db/-/horizon-files-prod/ed/picture/qv4egxq2/a894b99ea185728e1991c3748d68b679b90d60d7.jpg
1707773236-126;https://www.expat-dakar.com/motos-scooters?page=15;Neuf;KTM;2023;650 000 F Cfa;"Castor,
Dakar";Coupé Super Number One;https://i.roamcdn.net/hz/ed/listing-thumb-224w/51144d047fd54db08dc138455bd61823/-/horizon-files-prod/ed/picture/q787ejqz/5581c496bd122812d4b6625203c1ea808e66ab1a.jpg
1707773236-127;https://www.expat-dakar.com/motos-scooters?page=15;Neuf;Bajaj;2023;1 F Cfa;"Castor,
Dakar";Motos vitesse 125 et 150cc;https://i.roamcdn.net/hz/ed/listing-thumb-224w/40243304748dc4e731e4ee4432d2930f/-/horizon-files-prod/ed/picture/q9m98wzj/347050d00e98efcd5fcfe30813fb37a17cec0b2c.jpg
1707773239-128;https://www.expat-dakar.com/motos-scooters?page=14;Venant;SYM;2015;375 000 F Cfa;"Guediawaye,
Dakar";Sym fighter 2015;https://i.roamcdn.net/hz/ed/listing-thumb-224w/0dc2e911feaa904e056c3378d2736ef4/-/horizon-files-prod/ed/picture/q8v5gxzx/0f112e8ee2d79e7240be21c5e963bcf97938a494.jpg
1707773239-129;https://www.expat-dakar.com/motos-scooters?page=14;D'occasion;Yamaha;2003;920 000 F Cfa;"Comico,
Dakar";Yamaha 600XT - Modèle : 3AJ - 6CV;https://i.roamcdn.net/hz/ed/listing-thumb-224w/db8777877af3c5b0b16afd9f43793526/-/horizon-files-prod/ed/picture/q9m9gm8w/1e81250e1e797c61f5cc79687d00a8873a86947c.jpg
1707773239-130;https://www.expat-dakar.com/motos-scooters?page=14;Neuf;Autre;2023;1 F Cfa;"Liberte 6,
Dakar";Tricycle DFZ avec bache;https://i.roamcdn.net/hz/ed/listing-thumb-224w/f608619eae6e086b0c93a24a24264284/-/horizon-files-prod/ed/picture/qv4ekn9m/0ee9314aa151a0345fc1a42b73386428ac21c0ee.jpg
1707773239-131;https://www.expat-dakar.com/motos-scooters?page=14;Neuf;KTM;2019;1 600 000 F Cfa;"Fann Hock,
Dakar";KTM Duke 2019;https://i.roamcdn.net/hz/ed/listing-thumb-224w/229ec34f9c136a038e1f67f3ef7ca4a8/-/horizon-files-prod/ed/picture/q8v59ejn/eb9e942cacd0bb38d67cc76c6b3b6fa7267aa73b.jpg
1707773239-132;https://www.expat-dakar.com/motos-scooters?page=14;D'occasion;CF Moto;2022;11 500 000 F Cfa;"Nianing,
Thiès";Buggy CFmoto zforce 1000;https://i.roamcdn.net/hz/ed/listing-thumb-224w/dfdd71554462da0a0ba5ae57c69a640e/-/horizon-files-prod/ed/picture/q9m9rwew/b3f04f0a2de5553697637838112c8fdf124cde6d.jpg
1707773239-133;https://www.expat-dakar.com/motos-scooters?page=14;Neuf;Yamaha;2018;650 000 F Cfa;"Parcelles Assainies,
Dakar";Yamaha XC 300 venant avec Cmc;https://i.roamcdn.net/hz/ed/listing-thumb-224w/7415511868d5757b2480df9a4f342fc5/-/horizon-files-prod/ed/picture/qkrgxn0m/67246ed646514192632d851cd653fcc3efbf38fa.jpg
1707773239-134;https://www.expat-dakar.com/motos-scooters?page=14;Venant;BMW;2017;3 000 000 F Cfa;"Dieuppeul,
Dakar";BMW GS F800;https://i.roamcdn.net/hz/ed/listing-thumb-224w/197e82a1666d31ddd77b6a2678a5ae8e/-/horizon-files-prod/ed/picture/q8v06jdx/ca8cfbe137ba98079e7f1d44ec541568960deca7.jpg
1707773239-135;https://www.expat-dakar.com/motos-scooters?page=14;Venant;BMW;2020;5 900 000 F Cfa;"Dieuppeul,
Dakar";Bmw gs 1250cc hp 2020;https://i.roamcdn.net/hz/ed/listing-thumb-224w/59ae6dac7907186809f172b6f9439cdc/-/horizon-files-prod/ed/picture/qzvdvzek/7d8dab8f2ee1772a56c02cdf16e3d11694434a91.jpg
1707773239-136;https://www.expat-dakar.com/motos-scooters?page=14;Venant;BMW;2023;5 900 000 F Cfa;"Dieuppeul,
Dakar";Bmw ninet scrambler 2023;https://i.roamcdn.net/hz/ed/listing-thumb-224w/125eaee705b587daa540964f4be40e67/-/horizon-files-prod/ed/picture/qrzvzn58/2613ea078c28bc4391920914febafed7b3393a45.jpg
1707773239-137;https://www.expat-dakar.com/motos-scooters?page=14;Neuf;SYM;2013;580 000 F Cfa;"Golf,
Dakar";Scooter SYM Hd Evo 125;https://i.roamcdn.net/hz/ed/listing-thumb-224w/82915b35390565a2b6ae76f0a3cc671d/-/horizon-files-prod/ed/picture/qenqxzrk/bc4cd88590476c7cf7c865512cea6e4180367f94.jpg
1707773239-138;https://www.expat-dakar.com/motos-scooters?page=14;Neuf;SYM;2014;400 000 F Cfa;"Golf,
Dakar";Scooter SYM Mio 100;https://i.roamcdn.net/hz/ed/listing-thumb-224w/c5a805a06a56c53a90cad7aa6f079dea/-/horizon-files-prod/ed/picture/qngxj87g/3c3e55bb71c2247a7fea60f62a7b7138fa0c1f23.jpg
1707773242-139;https://www.expat-dakar.com/motos-scooters?page=13;Venant;SYM;2015;375 000 F Cfa;"Guediawaye,
Dakar";Sym fighter 2015;https://i.roamcdn.net/hz/ed/listing-thumb-224w/0dc2e911feaa904e056c3378d2736ef4/-/horizon-files-prod/ed/picture/q8v5gxzx/0f112e8ee2d79e7240be21c5e963bcf97938a494.jpg
1707773242-140;https://www.expat-dakar.com/motos-scooters?page=13;Neuf;Autre;2023;1 F Cfa;"Liberte 6 extension,
Dakar";Motocyclette tra moto;https://i.roamcdn.net/hz/ed/listing-thumb-224w/ef4717ccd44447b7e8c27e2fabb6caa9/-/horizon-files-prod/ed/picture/q8v5gg4j/d24bd1ea3a8b644f8858fb9295565321021639e5.jpg
1707773242-141;https://www.expat-dakar.com/motos-scooters?page=13;Venant;BMW;2018;4 200 000 F Cfa;"Plateau,
Dakar";Bmw Gs Adventure Triple Black;https://i.roamcdn.net/hz/ed/listing-thumb-224w/411d4d0a460b32a3f949bd30b04c2240/-/horizon-files-prod/ed/picture/qxj2qqdz/889dc627780943f5acbc47053565f93d89f15f66.jpg
1707773242-142;https://www.expat-dakar.com/motos-scooters?page=13;Venant;Honda;2019;4 250 000 F Cfa;"Médina,
Dakar";AFRICA TWIN ADVENTURE SPORT 2019;https://i.roamcdn.net/hz/ed/listing-thumb-224w/7b6462c0ef879f18218dd9a7342422e9/-/horizon-files-prod/ed/picture/qzvdxj0x/885070f1113ab867036b09523947ff7b18238c8f.jpg
1707773242-143;https://www.expat-dakar.com/motos-scooters?page=13;Venant;Honda;2018;3 500 000 F Cfa;"Médina,
Dakar";AFRICA TWIN STANDARD 1000cm³ 2018;https://i.roamcdn.net/hz/ed/listing-thumb-224w/8350834ffe555ba338f9e34d64b32dd8/-/horizon-files-prod/ed/picture/q9m9gnxx/f6ed3092d46f34d62e9b234971902be41ff752c9.jpg
1707773242-144;https://www.expat-dakar.com/motos-scooters?page=13;Venant;Honda;2019;4 250 000 F Cfa;"Médina,
Dakar";AFRICA TWIN ADVENTURE SPORT 2019;https://i.roamcdn.net/hz/ed/listing-thumb-224w/4211a5316efdf7a98fc8a81803846ac3/-/horizon-files-prod/ed/picture/q6xk5v8z/e13af8262d354c2b4262f704e29c0233081609be.jpg
1707773242-145;https://www.expat-dakar.com/motos-scooters?page=13;Venant;Yamaha;2022;5 000 000 F Cfa;"Médina,
Dakar";YAMAHA TENERE 700 2022;https://i.roamcdn.net/hz/ed/listing-thumb-224w/1184d3ad840d5b92f4f19b671f84cbdc/-/horizon-files-prod/ed/picture/qngxwjkv/d266fde511db43e52a8f497ace0ece67db1d3ff8.jpg
1707773242-146;https://www.expat-dakar.com/motos-scooters?page=13;D'occasion;Kymco;2008;800 000 F Cfa;"Ngaparou,
Thiès";QUAD 250CM3 JIANSHE;https://i.roamcdn.net/hz/ed/listing-thumb-224w/8cf48659f7cbd6488c6d6f8a56dcb4ef/-/horizon-files-prod/ed/picture/qv4ezdqk/010aa1fd6bffc994c8906d1965ad91ca91abc5c2.jpg
1707773242-147;https://www.expat-dakar.com/motos-scooters?page=13;D'occasion;CF Moto;2023;11 000 000 F Cfa;"Ngaparou,
Thiès";Buggy 6 places;https://i.roamcdn.net/hz/ed/listing-thumb-224w/73a388ecfcb93cfff765d02e1cd349e9/-/horizon-files-prod/ed/picture/q56xgdn7/ae3e69fa0458b9a00fef51fae61c9dac8959261b.jpg
1707773242-148;https://www.expat-dakar.com/motos-scooters?page=13;Neuf;KTM;2023;1 F Cfa;"Liberte 6,
Dakar";Motocyclette;https://i.roamcdn.net/hz/ed/listing-thumb-224w/7e27f3be43c06c9636f4ce7b6d117132/-/horizon-files-prod/ed/picture/q8v5g577/9c307219bacbb9a05f5c4ce7cb76ff2b8176a8f8.jpg
1707773242-149;https://www.expat-dakar.com/motos-scooters?page=13;Neuf;Yamaha;2021;1 800 000 F Cfa;"Liberte 6 extension,
Dakar";Yamaha Xmax 2021 (Let’s Go) Venant;https://i.roamcdn.net/hz/ed/listing-thumb-224w/b0456b1f573f0df347d1913b88669cd8/-/horizon-files-prod/ed/picture/qj4rxz84/831f0ae38ed153f2804ee301eb38357d45089647.jpg
1707773246-150;https://www.expat-dakar.com/motos-scooters?page=12;Venant;SYM;2015;375 000 F Cfa;"Guediawaye,
Dakar";Sym fighter 2015;https://i.roamcdn.net/hz/ed/listing-thumb-224w/0dc2e911feaa904e056c3378d2736ef4/-/horizon-files-prod/ed/picture/q8v5gxzx/0f112e8ee2d79e7240be21c5e963bcf97938a494.jpg
1707773246-151;https://www.expat-dakar.com/motos-scooters?page=12;D'occasion;BMW;2019;5 500 000 F Cfa;"VDN,
Dakar";Gs 1250 Adventure;https://i.roamcdn.net/hz/ed/listing-thumb-224w/9efa2d846fa7fe78a11ca9191c17956b/-/horizon-files-prod/ed/picture/qzvdx0rq/a468788df9cf868e85a17eccb24856bb090ec678.png
1707773246-152;https://www.expat-dakar.com/motos-scooters?page=12;Venant;Yamaha;2012;900 000 F Cfa;"Ouakam,
Dakar";Xmax 2012;https://i.roamcdn.net/hz/ed/listing-thumb-224w/f6f4eebecf83e2c5c5275cb2dd737423/-/horizon-files-prod/ed/picture/qrzvzv25/5b605ab1fdec117b4caa7da1eeb4f97611dbc628.jpg
1707773246-153;https://www.expat-dakar.com/motos-scooters?page=12;Venant;Yamaha;2015;2 450 000 F Cfa;"Hann Bel-Air,
Dakar";Tmax2014;https://i.roamcdn.net/hz/ed/listing-thumb-224w/7d64d5381ead7190a9a3afccef863d2f/-/horizon-files-prod/ed/picture/qwe2k6jz/91dded7d4abe9a99509acbeb9042c515d26e0151.jpg
1707773246-154;https://www.expat-dakar.com/motos-scooters?page=12;Neuf;Yamaha;2023;6 600 000 F Cfa;"Point-e,
Dakar";Tmax 2023;https://i.roamcdn.net/hz/ed/listing-thumb-224w/8c2c8fdf8f69494f6116f29bc8a2df1d/-/horizon-files-prod/ed/picture/q448pgz9/16a9894e02a6fc10aa7b9945269b71d953a68cfa.jpg
1707773246-155;https://www.expat-dakar.com/motos-scooters?page=12;Neuf;Kymco;2019;500 000 F Cfa;"Guediawaye,
Dakar";Kymco 2019;https://i.roamcdn.net/hz/ed/listing-thumb-224w/e1229a65d69b3b827ec0b209f6a91a7a/-/horizon-files-prod/ed/picture/qkrg0q9j/6bfa77c1bc52f206e3284cc192558302e95da88a.jpg
1707773246-156;https://www.expat-dakar.com/motos-scooters?page=12;Venant;Yamaha;2008;400 000 F Cfa;"Guediawaye,
Dakar";Yamaha carburetor 125;https://i.roamcdn.net/hz/ed/listing-thumb-224w/f0eb7a4b89cbc99665689ab5f5faa465/-/horizon-files-prod/ed/picture/qen56w74/441e905de4e1cfb0b1ede5b93817233e07964ce6.jpg
1707773246-157;https://www.expat-dakar.com/motos-scooters?page=12;Venant;Yamaha;2010;450 000 F Cfa;"Guediawaye,
Dakar";YAMAHA 125 INJECTION AVEC CMC;https://i.roamcdn.net/hz/ed/listing-thumb-224w/5a22d50b05bddb40d3bc3e091ac1c685/-/horizon-files-prod/ed/picture/qv4p2we8/5fc1765acbb78a53e0addb111c77929e166e54e4.jpg
1707773246-158;https://www.expat-dakar.com/motos-scooters?page=12;Neuf;Yamaha;2012;500 000 F Cfa;"Guediawaye,
Dakar";Yamaha 2012;https://i.roamcdn.net/hz/ed/listing-thumb-224w/933cc7e4f7758e36fe8251d9ad2d615c/-/horizon-files-prod/ed/picture/qngxwn9r/3539bff9d75dc6d454e10b7e98688889a2a3159d.jpg
1707773246-159;https://www.expat-dakar.com/motos-scooters?page=12;Neuf;SYM;2018;400 000 F Cfa;"Guediawaye,
Dakar";SYM JET POWER 2018;https://i.roamcdn.net/hz/ed/listing-thumb-224w/cdd43a06817e123dc67b5da2e5a91570/-/horizon-files-prod/ed/picture/qzvdx54d/2886c4d834575d1fbc67a3f369e9aece5dd831c9.jpg
1707773246-160;https://www.expat-dakar.com/motos-scooters?page=12;Venant;Yamaha;2016;500 000 F Cfa;"Guediawaye,
Dakar";Yamaha 2016;https://i.roamcdn.net/hz/ed/listing-thumb-224w/270ee4b49f74b5a80c29478beae93f08/-/horizon-files-prod/ed/picture/q8v5gxvx/30c9d4eeed1a3067b2834c848cddab29c41f7602.jpg
1707773251-161;https://www.expat-dakar.com/motos-scooters?page=11;Venant;SYM;2015;375 000 F Cfa;"Guediawaye,
Dakar";Sym fighter 2015;https://i.roamcdn.net/hz/ed/listing-thumb-224w/0dc2e911feaa904e056c3378d2736ef4/-/horizon-files-prod/ed/picture/q8v5gxzx/0f112e8ee2d79e7240be21c5e963bcf97938a494.jpg
1707773251-162;https://www.expat-dakar.com/motos-scooters?page=11;Neuf;Autre;2023;1 F Cfa;"Liberte 6 extension,
Dakar";TRICYCLE TRA MOTO 2023;https://i.roamcdn.net/hz/ed/listing-thumb-224w/40b68a3349a77d41b2bf90dc1eb4129b/-/horizon-files-prod/ed/picture/qm5r8rq6/d228470451590bdf595dc77fc2dc72c6c22094ce.jpg
1707773251-163;https://www.expat-dakar.com/motos-scooters?page=11;Neuf;Autre;2023;1 F Cfa;"Liberte 6 extension,
Dakar";Motocylette TRA MOTO 2023;https://i.roamcdn.net/hz/ed/listing-thumb-224w/99e087e4ac36af5ca76e47d90d439588/-/horizon-files-prod/ed/picture/qgq9mjkq/d5c7eb2f996aec7f8dfe9f6473668be645599117.jpg
1707773251-164;https://www.expat-dakar.com/motos-scooters?page=11;Neuf;Autre;2023;1 F Cfa;"Liberte 6,
Dakar";TRICYCLE DFZ 2023;https://i.roamcdn.net/hz/ed/listing-thumb-224w/553b63c979a9413bb711c76b1ee72f2f/-/horizon-files-prod/ed/picture/qrzvr4wg/d7fa9e80f87ea6f87fe7be4f8959e7f645d54041.jpg
1707773251-165;https://www.expat-dakar.com/motos-scooters?page=11;Neuf;KTM;2023;1 F Cfa;"Liberte 6,
Dakar";Motocyclette KTM 2023;https://i.roamcdn.net/hz/ed/listing-thumb-224w/32ac6e29039875602f7965cac2dbb968/-/horizon-files-prod/ed/picture/qj4rxvp4/eeae49ccb68ebcfc3ca6fd848f103635642b2239.jpg
1707773251-166;https://www.expat-dakar.com/motos-scooters?page=11;Venant;Honda;2022;5 900 000 F Cfa;"Ouest foire,
Dakar";Africa Twin 1100 DCT;https://i.roamcdn.net/hz/ed/listing-thumb-224w/b2cd89511336d27659acd1aafea459ec/-/horizon-files-prod/ed/picture/q8v5n48p/3fa2235070f36e2f2e5d4738c1cf6bca62215c39.jpg
1707773251-167;https://www.expat-dakar.com/motos-scooters?page=11;Venant;Yamaha;2023;5 000 000 F Cfa;"Mbour,
Thiès";Moto;https://i.roamcdn.net/hz/ed/listing-thumb-224w/28d9faa7d014249c92ca39d7c3fe831f/-/horizon-files-prod/ed/picture/q7859w7x/53aec12a92ac5da45f30e32d87e88c874ee24acf.jpg
1707773251-168;https://www.expat-dakar.com/motos-scooters?page=11;Venant;Kymco;2011;2 200 000 F Cfa;"Somone,
Thiès";Quad kymco 300 mxu;https://i.roamcdn.net/hz/ed/listing-thumb-224w/662541e46fcd5b55473048b6c0b456cd/-/horizon-files-prod/ed/picture/q2jq5q9p/57c3b44133ecfbf8a913e41d695dadff905ff7f6.jpg
1707773251-169;https://www.expat-dakar.com/motos-scooters?page=11;Venant;Piaggio;2018;500 000 F Cfa;"Guediawaye,
Dakar";Liberty 200cc venant;https://i.roamcdn.net/hz/ed/listing-thumb-224w/10f515d1554c412d0fb1b7a975b8798a/-/horizon-files-prod/ed/picture/qdek4k75/25e5d761e0a67a89c704f2961b10990a53c75f79.jpg
1707773251-170;https://www.expat-dakar.com/motos-scooters?page=11;D'occasion;Honda;2018;1 400 000 F Cfa;"Plateau,
Dakar";Honda SH300;https://i.roamcdn.net/hz/ed/listing-thumb-224w/177d1fadf950f2deb2fb7f35f3799d46/-/horizon-files-prod/ed/picture/qj4rjn55/670085fce216b287d493734fd0a6c926da2350b4.jpg
1707773251-171;https://www.expat-dakar.com/motos-scooters?page=11;D'occasion;Yamaha;2016;950 000 F Cfa;"Grand-Dakar,
Dakar";scooter XMAX 125;https://i.roamcdn.net/hz/ed/listing-thumb-224w/8a10dae5fa2fc9ecc68cc58e3e3a43e5/-/horizon-files-prod/ed/picture/qrzv7wd2/90b0c61ea5ea194d4c1b0c8dde22929e244369ff.jpg
1707773262-172;https://www.expat-dakar.com/motos-scooters?page=10;Venant;SYM;2015;375 000 F Cfa;"Guediawaye,
Dakar";Sym fighter 2015;https://i.roamcdn.net/hz/ed/listing-thumb-224w/0dc2e911feaa904e056c3378d2736ef4/-/horizon-files-prod/ed/picture/q8v5gxzx/0f112e8ee2d79e7240be21c5e963bcf97938a494.jpg
1707773262-173;https://www.expat-dakar.com/motos-scooters?page=10;D'occasion;Yamaha;2022;3 000 000 F Cfa;"Cambérène,
Dakar";Yamaha Tracer 7 GT 2022;https://i.roamcdn.net/hz/ed/listing-thumb-224w/85a3b6a15641cae70c62bd65bdca9883/-/horizon-files-prod/ed/picture/qgq9pmme/08ad05b9753bfab3706e001f8a66269b7908aec5.jpg
1707773262-174;https://www.expat-dakar.com/motos-scooters?page=10;Venant;Piaggio;2004;230 000 F Cfa;"Guediawaye,
Dakar";Typhoon 80cc;https://i.roamcdn.net/hz/ed/listing-thumb-224w/2f6dc09f998effa8c6639471121765fd/-/horizon-files-prod/ed/picture/qwe2j08k/01e6531b8a28a5748fb0860522b0c3a2e202b4ff.jpg
1707773262-175;https://www.expat-dakar.com/motos-scooters?page=10;D'occasion;Yamaha;2019;2 700 000 F Cfa;"Almadies,
Dakar";Tmax DX 2019;https://i.roamcdn.net/hz/ed/listing-thumb-224w/9aa7dd27cae7960893a3e9f2f978d656/-/horizon-files-prod/ed/picture/q4487w5p/e08a4305e37198d64dae83868aa68ec7fa2dbc34.jpg
1707773262-176;https://www.expat-dakar.com/motos-scooters?page=10;Venant;TVS Motor;2020;600 000 F Cfa;"Patte d‘oie,
Dakar";ATV 2020 pour enfants;https://i.roamcdn.net/hz/ed/listing-thumb-224w/8ecf022f3e88dfa9fdc107d5b03534e8/-/horizon-files-prod/ed/picture/qm5pdkkz/3e7fa28157bdf1e8b493ca2b793f96399acbee0c.jpg
1707773262-177;https://www.expat-dakar.com/motos-scooters?page=10;D'occasion;SYM;2017;460 000 F Cfa;"Guediawaye,
Dakar";SYM 150;https://i.roamcdn.net/hz/ed/listing-thumb-224w/16cda122cfff2c50732a3e6fa2209a09/-/horizon-files-prod/ed/picture/qwe2j524/0ed551d37cdb139c8436feeafaafda692739d7d4.jpg
1707773262-178;https://www.expat-dakar.com/motos-scooters?page=10;Neuf;Honda;2012;580 000 F Cfa;"Golf,
Dakar";Scooter HONDA Arobase 125;https://i.roamcdn.net/hz/ed/listing-thumb-224w/b888b855e312d6b2215fae54474dafe4/-/horizon-files-prod/ed/picture/q2jq5nke/752450c53fb7b9d1ee389a9f991f3c76c53ab929.jpg
1707773262-179;https://www.expat-dakar.com/motos-scooters?page=10;Venant;SYM;2018;470 000 F Cfa;"Bel air,
Dakar";Scooter 🛵;https://i.roamcdn.net/hz/ed/listing-thumb-224w/b40700f8efccb7c176b38fb1db410b3c/-/horizon-files-prod/ed/picture/qj4r2z86/3916ef0f2ab0fef1333c46d73a2a3888bf1ba329.jpg
1707773262-180;https://www.expat-dakar.com/motos-scooters?page=10;Neuf;Piaggio;2013;650 000 F Cfa;"Golf,
Dakar";Scooter PIAGGIO Beverly 200;https://i.roamcdn.net/hz/ed/listing-thumb-224w/a89d19d8e0c957b7b5e89cbe7750e70f/-/horizon-files-prod/ed/picture/q78599xq/058f4cd8dbab2ac371f0273548b1a49b04eb2145.jpg
1707773262-181;https://www.expat-dakar.com/motos-scooters?page=10;Venant;Piaggio;2023;550 000 F Cfa;"Pikine,
Dakar";Piaggio fly 150cc;https://i.roamcdn.net/hz/ed/listing-thumb-224w/fc5a1bf7069c70a2580cdac97b4e7099/-/horizon-files-prod/ed/picture/q2jq5kz6/d833e31886d06a8d36fa317a0d7ef202560e4e4b.jpg
1707773262-182;https://www.expat-dakar.com/motos-scooters?page=10;Neuf;Autre;2023;1 F Cfa;"Liberte 6 extension,
Dakar";motocyclette BOXER 2023;https://i.roamcdn.net/hz/ed/listing-thumb-224w/f8c6d6e23faa65b794ac29b1f4287f95/-/horizon-files-prod/ed/picture/qpdwvdgr/00d4b3473978595f483b6f1c87ab83f9aec2922b.jpg
1707773272-183;https://www.expat-dakar.com/motos-scooters?page=9;Venant;SYM;2015;375 000 F Cfa;"Guediawaye,
Dakar";Sym fighter 2015;https://i.roamcdn.net/hz/ed/listing-thumb-224w/0dc2e911feaa904e056c3378d2736ef4/-/horizon-files-prod/ed/picture/q8v5gxzx/0f112e8ee2d79e7240be21c5e963bcf97938a494.jpg
1707773272-184;https://www.expat-dakar.com/motos-scooters?page=9;Neuf;Piaggio;2020;1 350 000 F Cfa;"Amitié,
Dakar";Moto Beverly Led 350i;https://i.roamcdn.net/hz/ed/listing-thumb-224w/11de5b81354f2a9cf96e0ed2ae58e37d/-/horizon-files-prod/ed/picture/qpd67pxr/521aa6bd0b6b62ed1ecb3af339ea63aca9254e06.jpg
1707773272-185;https://www.expat-dakar.com/motos-scooters?page=9;Venant;Kymco;2024;475 000 F Cfa;"Pikine,
Dakar";Kymco new dink 125cc;https://i.roamcdn.net/hz/ed/listing-thumb-224w/c95054bc826ecc6a43acb1ab788243d7/-/horizon-files-prod/ed/picture/q448mjzr/486dce3868da937543d8215b4db0bf8fd279753a.jpg
1707773272-186;https://www.expat-dakar.com/motos-scooters?page=9;Venant;Yamaha;2019;1 650 000 F Cfa;"Liberte 6 extension,
Dakar";Yamaha Xmax Let’s Go (Commande);https://i.roamcdn.net/hz/ed/listing-thumb-224w/0a1b582970ef529fc20a78a93183add6/-/horizon-files-prod/ed/picture/q785mv2n/5a93ca16cbf87a5102554d9436250eb93f3af851.jpg
1707773272-187;https://www.expat-dakar.com/motos-scooters?page=9;D'occasion;SYM;2016;350 000 F Cfa;"Guediawaye,
Dakar";Sym jet 4;https://i.roamcdn.net/hz/ed/listing-thumb-224w/bc1222b35ebe3296231ce71e55a39641/-/horizon-files-prod/ed/picture/qpd62k2v/272d76d1d780801f81f6d958c7584b686382688f.jpg
1707773272-188;https://www.expat-dakar.com/motos-scooters?page=9;Venant;Kymco;2008;485 000 F Cfa;"Bel air,
Dakar";Scooter 🛵;https://i.roamcdn.net/hz/ed/listing-thumb-224w/68222a0774656147f248be909eb1cdc4/-/horizon-files-prod/ed/picture/q56xvm0r/0afe53e77bd2f2732da2f929b2a2533bc7b38866.jpg
1707773272-189;https://www.expat-dakar.com/motos-scooters?page=9;Neuf;Suzuki;2023;600 000 F Cfa;"Colobane,
Dakar";Motos de haute qualité 0km /125cc/150cc;https://i.roamcdn.net/hz/ed/listing-thumb-224w/681619d26088a4f83b96ad885e11b5cf/-/horizon-files-prod/ed/picture/qkrg85nv/dba3217cd07235497b050e6bb3a03264b8452eb3.jpg
1707773272-190;https://www.expat-dakar.com/motos-scooters?page=9;D'occasion;KTM;2010;40 000 F Cfa;"Saly Portudal,
Thiès";Réservoir KTM enduro;https://i.roamcdn.net/hz/ed/listing-thumb-224w/f0136c4a6c3a7e3a5b3d6d90771b6754/-/horizon-files-prod/ed/picture/q0gw5e9j/ac0e03bb1199b4f1e7680847ff8acca62a3f6145.jpg
1707773272-191;https://www.expat-dakar.com/motos-scooters?page=9;Venant;BMW;2010;2 400 000 F Cfa;"Golf,
Dakar";Moto BMW R 1200 Rt;https://i.roamcdn.net/hz/ed/listing-thumb-224w/bf14b0e44994f863d7a145cd8f42cf76/-/horizon-files-prod/ed/picture/q6xkzpmz/216807d5e7dfa20288636242da18602f4fc8d5b0.jpg
1707773272-192;https://www.expat-dakar.com/motos-scooters?page=9;D'occasion;KTM;2023;335 000 F Cfa;"Almadies,
Dakar";Djiakarta Ktm 125;https://i.roamcdn.net/hz/ed/listing-thumb-224w/d5d3ceb3eee772098bb57e68e4a44a2a/-/horizon-files-prod/ed/picture/qwe2jxmj/78612bb9bfa818669e2b2df6acc060705f9df5d1.jpg
1707773272-193;https://www.expat-dakar.com/motos-scooters?page=9;Neuf;Kymco;2015;350 000 F Cfa;"Guediawaye,
Dakar";Kymco agility;https://i.roamcdn.net/hz/ed/listing-thumb-224w/f7481c247142ad1990d0a00716da4434/-/horizon-files-prod/ed/picture/qwe2pkzd/0c91d1b72cf7dd6e33b99bdba6c8ae3574a30f2b.jpg
1707773283-194;https://www.expat-dakar.com/motos-scooters?page=8;Venant;SYM;2015;375 000 F Cfa;"Guediawaye,
Dakar";Sym fighter 2015;https://i.roamcdn.net/hz/ed/listing-thumb-224w/0dc2e911feaa904e056c3378d2736ef4/-/horizon-files-prod/ed/picture/q8v5gxzx/0f112e8ee2d79e7240be21c5e963bcf97938a494.jpg
1707773283-195;https://www.expat-dakar.com/motos-scooters?page=8;Venant;BMW;2020;5 900 000 F Cfa;"Dieuppeul,
Dakar";BMW GS 1250cc hp 2020;https://i.roamcdn.net/hz/ed/listing-thumb-224w/e914811b09940be760fb9d40f5c170c1/-/horizon-files-prod/ed/picture/q448m9jp/19e1a8a393c4d6d1682b3aaac49590ae1548f2ba.jpg
1707773283-196;https://www.expat-dakar.com/motos-scooters?page=8;Venant;Honda;2023;3 900 000 F Cfa;"Dieuppeul,
Dakar";Honda Forza 750cc 2023;https://i.roamcdn.net/hz/ed/listing-thumb-224w/b301732f3e713cc130b469781e895365/-/horizon-files-prod/ed/picture/qrzv0mg5/b000d65574d8a8ffcf48dbcd6e564b53c84d40c5.jpg
1707773283-197;https://www.expat-dakar.com/motos-scooters?page=8;Venant;Honda;2016;1 150 000 F Cfa;"Dieuppeul,
Dakar";Honda SH125;https://i.roamcdn.net/hz/ed/listing-thumb-224w/ec8158f6b12cc9e2301d4c21c961a9cd/-/horizon-files-prod/ed/picture/qwe288ed/cd260fd96e3ed46560504494b82973bf64607b69.jpg
1707773283-198;https://www.expat-dakar.com/motos-scooters?page=8;D'occasion;CF Moto;2013;3 880 000 F Cfa;"Mbour,
Thiès";Buggy Cf 650 2places;https://i.roamcdn.net/hz/ed/listing-thumb-224w/9e7197cbc14d56f0f6382f79584ea62c/-/horizon-files-prod/ed/picture/q2jqddgd/9c46cfbbf5ba57170ec32ca9d15fa57f2d3c6218.jpg
1707773283-199;https://www.expat-dakar.com/motos-scooters?page=8;D'occasion;KTM;2012;250 000 F Cfa;"Ouest foire,
Dakar";Scooter Liberty et une moto Jakarta;https://i.roamcdn.net/hz/ed/listing-thumb-224w/c42a99993439fc0e697014a38839ff3a/-/horizon-files-prod/ed/picture/qrzv0jxq/44bb921254a985b69be9c7b2a92d308f2ef0b8d3.jpg
1707773283-200;https://www.expat-dakar.com/motos-scooters?page=8;D'occasion;Husqvarna;2021;2 500 000 F Cfa;"Plateau,
Dakar";À vendre;https://i.roamcdn.net/hz/ed/listing-thumb-224w/49b5519e3ac96ba9067457bd0db8465b/-/horizon-files-prod/ed/picture/qngxzxdx/dd750fe4b7dcf7f9a6d54a80ceabe41b47947592.jpg
1707773283-201;https://www.expat-dakar.com/motos-scooters?page=8;D'occasion;Honda;2014;600 000 F Cfa;"Sicap foire,
Dakar";Honda SH;https://i.roamcdn.net/hz/ed/listing-thumb-224w/990a2b13a1bb5fa231630822b254769f/-/horizon-files-prod/ed/picture/qngxzdqg/71482b612d57640bd037fcd78f7bef56f158d36c.jpg
1707773283-202;https://www.expat-dakar.com/motos-scooters?page=8;Venant;Honda;2016;600 000 F Cfa;"Parcelles Assainies,
Dakar";Honda sh 150;https://i.roamcdn.net/hz/ed/listing-thumb-224w/785fb18bf9fa68bd2119894e853ec656/-/horizon-files-prod/ed/picture/q785m5wn/6a84e1b5c50d5fa8e631a4dfb6f921fa82cd3545.jpg
1707773283-203;https://www.expat-dakar.com/motos-scooters?page=8;Venant;Piaggio;2017;950 000 F Cfa;"Guediawaye,
Dakar";Beverly led 300;https://i.roamcdn.net/hz/ed/listing-thumb-224w/1e63e2c6494d9429a0d99b308c8772a4/-/horizon-files-prod/ed/picture/qm5pgjpg/c0dc444a0815f5b6d5f753bbf5a2eccf6e0087b4.jpg
1707773283-204;https://www.expat-dakar.com/motos-scooters?page=8;D'occasion;Yamaha;2021;3 000 000 F Cfa;"Hann maristes,
Dakar";Vente MT 07 2021;https://i.roamcdn.net/hz/ed/listing-thumb-224w/ea6187977dfc8115bf886e9fdde5af13/-/horizon-files-prod/ed/picture/qngx09qm/ceb471aefae970584bc3e972e0a03718820c332b.jpg
1707773292-205;https://www.expat-dakar.com/motos-scooters?page=7;Venant;SYM;2015;375 000 F Cfa;"Guediawaye,
Dakar";Sym fighter 2015;https://i.roamcdn.net/hz/ed/listing-thumb-224w/0dc2e911feaa904e056c3378d2736ef4/-/horizon-files-prod/ed/picture/q8v5gxzx/0f112e8ee2d79e7240be21c5e963bcf97938a494.jpg
1707773292-206;https://www.expat-dakar.com/motos-scooters?page=7;Venant;Piaggio;2013;150 000 F Cfa;"Mbour,
Thiès";Piaggio Beverly 2013;https://i.roamcdn.net/hz/ed/listing-thumb-224w/04ed76ee82dc84ede46053bbe539b2c5/-/horizon-files-prod/ed/picture/qrzvng42/e18009f0e7f09e4a40fcb51db9830f8e6aa072de.jpg
1707773292-207;https://www.expat-dakar.com/motos-scooters?page=7;Neuf;BMW;2015;90 000 F Cfa;"Yoff,
Dakar";Pneus neuf;https://i.roamcdn.net/hz/ed/listing-thumb-224w/ce19371c47f0987d2be3424373178e63/-/horizon-files-prod/ed/picture/q8v5d9gn/52fde162f494d9177bff70e6263034cdcfa2c551.jpg
1707773292-208;https://www.expat-dakar.com/motos-scooters?page=7;D'occasion;BMW;2017;3 450 000 F Cfa;"Amitié,
Dakar";Bmw gs 1200;https://i.roamcdn.net/hz/ed/listing-thumb-224w/e35ce7934fe0b0e9300f290276399a09/-/horizon-files-prod/ed/picture/qq47vm84/4568b94a9355c590c1eca9ea2b70bb6609cbd53d.jpg
1707773292-209;https://www.expat-dakar.com/motos-scooters?page=7;Venant;Piaggio;2018;875 000 F Cfa;"Guediawaye,
Dakar";X7 250cc injection;https://i.roamcdn.net/hz/ed/listing-thumb-224w/eda3a5bb448db81aaee268060aac308a/-/horizon-files-prod/ed/picture/qq47vp0j/4f23de51eb71ae29cf75995568c49d81cb3410ff.jpg
1707773292-210;https://www.expat-dakar.com/motos-scooters?page=7;D'occasion;BMW;2017;3 500 000 F Cfa;"Nord foire,
Dakar";Motocycle;https://i.roamcdn.net/hz/ed/listing-thumb-224w/47bf2425c299e68b630457ad7cbbec37/-/horizon-files-prod/ed/picture/qkrgq9xv/808ef309296d3421012c3a73bbbd418b3ffa1e37.jpg
1707773292-211;https://www.expat-dakar.com/motos-scooters?page=7;Venant;Honda;2016;1 300 000 F Cfa;"Yene,
Dakar";FORZA 125;https://i.roamcdn.net/hz/ed/listing-thumb-224w/2c0eeaf89672a839e8dc47b923f92d15/-/horizon-files-prod/ed/picture/qm5p4x5d/9982d8728d0c79147ca8f8f31a8866abd8983993.jpg
1707773292-212;https://www.expat-dakar.com/motos-scooters?page=7;Neuf;BMW;2023;4 000 000 F Cfa;"Cité keur gorgui,
Dakar";BMW Gs 850;https://i.roamcdn.net/hz/ed/listing-thumb-224w/00ace4c7e26efde1939835fc2c277e14/-/horizon-files-prod/ed/picture/qrzv0egm/8fbdd91ba4eed43fd5965baf5aa58600b144508b.jpg
1707773292-213;https://www.expat-dakar.com/motos-scooters?page=7;Venant;Yamaha;2021;4 500 000 F Cfa;"Plateau,
Dakar";T Max 2021;https://i.roamcdn.net/hz/ed/listing-thumb-224w/5a9a5b20f35dd72b09d974d15586021b/-/horizon-files-prod/ed/picture/q448mk08/2947a2389839a0bbf239d15d390d461a7142fa1b.jpg
1707773292-214;https://www.expat-dakar.com/motos-scooters?page=7;D'occasion;Honda;2014;1 600 000 F Cfa;"Ngor,
Dakar";HONDA SH 150 à Vendre;https://i.roamcdn.net/hz/ed/listing-thumb-224w/5f4d623f3b4fa2d5b0cdc731defbd35b/-/horizon-files-prod/ed/picture/q8v5dwqx/17e6682e2176d24ed962aed7da1ce1a00ff2c5fc.jpg
1707773292-215;https://www.expat-dakar.com/motos-scooters?page=7;Venant;BMW;2020;5 500 000 F Cfa;"Dieuppeul,
Dakar";BMW GS 1250cc exclusif 2020;https://i.roamcdn.net/hz/ed/listing-thumb-224w/aa7d4f2707a46b4f75995469d2af6faf/-/horizon-files-prod/ed/picture/qngxzv5e/0a1cf02242c4cd2631260712354ca7a9a70a498a.jpg
1707773301-216;https://www.expat-dakar.com/motos-scooters?page=6;Venant;SYM;2015;375 000 F Cfa;"Guediawaye,
Dakar";Sym fighter 2015;https://i.roamcdn.net/hz/ed/listing-thumb-224w/0dc2e911feaa904e056c3378d2736ef4/-/horizon-files-prod/ed/picture/q8v5gxzx/0f112e8ee2d79e7240be21c5e963bcf97938a494.jpg
1707773301-217;https://www.expat-dakar.com/motos-scooters?page=6;D'occasion;Polaris;2020;10 000 000 F Cfa;"Ngaparou,
Thiès";BUGGY RZR 1000XP4 2020;https://i.roamcdn.net/hz/ed/listing-thumb-224w/7d7f0af5b6a573b348b6d428b8598f28/-/horizon-files-prod/ed/picture/qgq9jjmn/872578e989098e8291fa9996ddddaca21a840fd0.jpg
1707773301-218;https://www.expat-dakar.com/motos-scooters?page=6;D'occasion;Yamaha;2018;750 000 F Cfa;"Plateau,
Dakar";Yamaha Xenter 150;https://i.roamcdn.net/hz/ed/listing-thumb-224w/1c5e3636057121833423ff8543641fee/-/horizon-files-prod/ed/picture/qkrgvvgx/9e8d931ff723c0485545f5fb2c4788d0f8df0fdf.jpg
1707773301-219;https://www.expat-dakar.com/motos-scooters?page=6;Venant;TM;2019;2 300 000 F Cfa;"Sacré-cœur,
Dakar";Tmax DX 530;https://i.roamcdn.net/hz/ed/listing-thumb-224w/7df6ee302483355119adbe122887e990/-/horizon-files-prod/ed/picture/q8v5xgez/b506e547e903488101db46a0843b7a3bf188a929.jpg
1707773301-220;https://www.expat-dakar.com/motos-scooters?page=6;D'occasion;Yamaha;2021;3 350 000 F Cfa;"Plateau,
Dakar";Tmax 560 2021;https://i.roamcdn.net/hz/ed/listing-thumb-224w/4437bca3a49b660cfc05dec67fc3e23b/-/horizon-files-prod/ed/picture/qenqjxq9/abfa19b5546c39427ebe9ae533adb0353dbbc47e.jpg
1707773301-221;https://www.expat-dakar.com/motos-scooters?page=6;Venant;Honda;2021;5 500 000 F Cfa;"Plateau,
Dakar";XADV 2021 avec top case , antibrouillards et autres;https://i.roamcdn.net/hz/ed/listing-thumb-224w/78dcb0e760aa4fcf3e91154dd61a7f2e/-/horizon-files-prod/ed/picture/qwe25gep/44fea9c691f1e35d6c8d6b9c0db34e3310696e53.jpg
1707773301-222;https://www.expat-dakar.com/motos-scooters?page=6;D'occasion;KTM;2016;2 950 000 F Cfa;"Yoff,
Dakar";Ktm 450;https://i.roamcdn.net/hz/ed/listing-thumb-224w/8df78eec42fb184611bdbdd5c7a4d667/-/horizon-files-prod/ed/picture/qenq7w2k/399c4568add6b6e8f2cfdc8f8c76bda9dda868a6.jpg
1707773301-223;https://www.expat-dakar.com/motos-scooters?page=6;Neuf;Honda;2020;1 F Cfa;"Almadies 2,
Dakar";Honda forza 125cc venant suisse 🇨🇭 l’ets go;https://i.roamcdn.net/hz/ed/listing-thumb-224w/d7a85919de26c2c8a87802871a20dd35/-/horizon-files-prod/ed/picture/q564mprr/8b55c069a49c4dad9297ad0754dcc6a127d17648.jpg
1707773301-224;https://www.expat-dakar.com/motos-scooters?page=6;Venant;Honda;2019;4 500 000 F Cfa;"Plateau,
Dakar";Africa Twin 2019 Adventure Sports DCT;https://i.roamcdn.net/hz/ed/listing-thumb-224w/d62e0079f5bfbcd3181e97228cfa997e/-/horizon-files-prod/ed/picture/qv4e5wwp/fe2d3db6cead81c3c5379255bb47a54250d86634.jpg
1707773301-225;https://www.expat-dakar.com/motos-scooters?page=6;D'occasion;Ducati;2018;2 000 000 F Cfa;"Hlm,
Dakar";Ducati monster 821;https://i.roamcdn.net/hz/ed/listing-thumb-224w/c7bfa83c79901664bfa0be6b0b2ac09c/-/horizon-files-prod/ed/picture/q7850e2d/c69ce0e35576b86f3b8ed27d773f53be3aba3e51.jpg
1707773301-226;https://www.expat-dakar.com/motos-scooters?page=6;Venant;Honda;2019;550 000 F Cfa;"Guediawaye,
Dakar";Honda Dylan 125cc;https://i.roamcdn.net/hz/ed/listing-thumb-224w/d900ef47b974708f5bcc7d08c3bf6fef/-/horizon-files-prod/ed/picture/qj4r7jxe/92366184e168dc66ea3d765c6f072ad9cf0ebd98.jpg
1707773311-227;https://www.expat-dakar.com/motos-scooters?page=5;Venant;SYM;2015;375 000 F Cfa;"Guediawaye,
Dakar";Sym fighter 2015;https://i.roamcdn.net/hz/ed/listing-thumb-224w/0dc2e911feaa904e056c3378d2736ef4/-/horizon-files-prod/ed/picture/q8v5gxzx/0f112e8ee2d79e7240be21c5e963bcf97938a494.jpg
1707773311-228;https://www.expat-dakar.com/motos-scooters?page=5;Venant;Honda;2024;1 250 000 F Cfa;"Pikine,
Dakar";Honda CBF 1000CC;https://i.roamcdn.net/hz/ed/listing-thumb-224w/c03bf4a33d6130b9bf2ab77bc30e261b/-/horizon-files-prod/ed/picture/qq47vqjz/94dfb0a6d1fc439a4ac443a5d7882a5a0f5c9fb6.jpg
1707773311-229;https://www.expat-dakar.com/motos-scooters?page=5;Venant;Suzuki;2023;425 000 F Cfa;"Pikine,
Dakar";Suzuki burgman 400i;https://i.roamcdn.net/hz/ed/listing-thumb-224w/fb2c0ec62fa0d7b116a32912921a5584/-/horizon-files-prod/ed/picture/qxj2z688/410cba8b8c2145b81fa26b6245438526bddb450c.jpg
1707773311-230;https://www.expat-dakar.com/motos-scooters?page=5;Neuf;Autre;2024;1 F Cfa;"Castor,
Dakar";Fournisseur Moto-Tricycles;https://i.roamcdn.net/hz/ed/listing-thumb-224w/e591ddfae9f1cca76ef33bcd757ec08f/-/horizon-files-prod/ed/picture/qwe2jqqm/e17345ce4db1b5e38cc37dfbe6ad8d72d0d3c76c.jpg
1707773311-231;https://www.expat-dakar.com/motos-scooters?page=5;Venant;Piaggio;2020;1 200 000 F Cfa;"Guediawaye,
Dakar";Runner gilera 250cc venant;https://i.roamcdn.net/hz/ed/listing-thumb-224w/a7cf7b26f26b2de6e0af355eda93d255/-/horizon-files-prod/ed/picture/qenqjk25/d1e6871297b2f3e75cd2c3b275866e1b7136b950.jpg
1707773311-232;https://www.expat-dakar.com/motos-scooters?page=5;D'occasion;Piaggio;2006;200 000 F Cfa;"Grand-Yoff,
Dakar";Liberté 125;https://i.roamcdn.net/hz/ed/listing-thumb-224w/2177c75b4d9019c92d642c0d3d670dca/-/horizon-files-prod/ed/picture/qzvd5kpn/4db314e09732539a90672edaeb40ff7b22c54e95.jpg
1707773311-233;https://www.expat-dakar.com/motos-scooters?page=5;Venant;Yamaha;2021;4 500 000 F Cfa;"Hlm,
Dakar";Ténéré 700 2021;https://i.roamcdn.net/hz/ed/listing-thumb-224w/f61047a7e7e9e8482dd0497f9ffad4af/-/horizon-files-prod/ed/picture/qq478xmn/f551142b9874f44e80134cd7ef434ba1d6635d86.jpg
1707773311-234;https://www.expat-dakar.com/motos-scooters?page=5;Neuf;Honda;2020;;"Ngor,
Dakar";MOTO ELECTRIQUE;https://i.roamcdn.net/hz/ed/listing-thumb-224w/c32fb74b31ec7e49cff241be61b99039/-/horizon-files-prod/ed/picture/qrzv7ng2/215638a2f5958d8c38bb7d86227d94c430d7f3ae.jpg
1707773311-235;https://www.expat-dakar.com/motos-scooters?page=5;D'occasion;Yamaha;2020;3 250 000 F Cfa;"Amitié,
Dakar";SCOOTER TMAX 530 A VENDRE;https://i.roamcdn.net/hz/ed/listing-thumb-224w/6b9c22574b33c13e1099633387574daf/-/horizon-files-prod/ed/picture/qm5p9mkw/17832b8af0e6ec49104d7e131bd155bdbdf09e4b.jpg
1707773311-236;https://www.expat-dakar.com/motos-scooters?page=5;Venant;Honda;2013;1 100 000 F Cfa;"Hann maristes,
Dakar";A vendre Honda Pcx 125cm3;https://i.roamcdn.net/hz/ed/listing-thumb-224w/01c79a0af9a0883d454d0a7d9adf321a/-/horizon-files-prod/ed/picture/q9m96xjn/169c75c3bde91768b2109a05d17d5a77becfb38e.jpg
1707773311-237;https://www.expat-dakar.com/motos-scooters?page=5;Venant;Honda;2019;3 800 000 F Cfa;"Hann maristes,
Dakar";A vendre Honda Africa Twin 1000 Adventure sport;https://i.roamcdn.net/hz/ed/listing-thumb-224w/d0dcd41979f12af80ecf17d52ef5bed0/-/horizon-files-prod/ed/picture/qm5p9qpw/d81c9a76c6d3733c2306e3fe41c9e542dee0c761.jpg
1707773320-238;https://www.expat-dakar.com/motos-scooters?page=4;Venant;SYM;2015;375 000 F Cfa;"Guediawaye,
Dakar";Sym fighter 2015;https://i.roamcdn.net/hz/ed/listing-thumb-224w/0dc2e911feaa904e056c3378d2736ef4/-/horizon-files-prod/ed/picture/q8v5gxzx/0f112e8ee2d79e7240be21c5e963bcf97938a494.jpg
1707773320-239;https://www.expat-dakar.com/motos-scooters?page=4;Neuf;Autre;2023;920 000 F Cfa;"Fass,
Dakar";Scooter électriques;https://i.roamcdn.net/hz/ed/listing-thumb-224w/c304d97d36f959163ec2d18b06861785/-/horizon-files-prod/ed/picture/qrzvk205/91135f528ca6cda41b956f2f610834e210e31252.png
1707773320-240;https://www.expat-dakar.com/motos-scooters?page=4;Venant;BMW;2014;2 100 000 F Cfa;"Ouest foire,
Dakar";BMW F800 R 2014;https://i.roamcdn.net/hz/ed/listing-thumb-224w/febd5f39f1ae98b9a4dc38fc011eb856/-/horizon-files-prod/ed/picture/q785grpz/a72feb2d5eb3322564d33adfd114753de2b4f684.jpg
1707773320-241;https://www.expat-dakar.com/motos-scooters?page=4;Neuf;Autre;2023;520 000 F Cfa;"Ouakam,
Dakar";vélo électrique;https://i.roamcdn.net/hz/ed/listing-thumb-224w/89b27d3a281faa46990291315b43361d/-/horizon-files-prod/ed/picture/qxj2xnrq/0f2e5ff166955b9b7923dd54af7ac5507f241e4b.jpg
1707773320-242;https://www.expat-dakar.com/motos-scooters?page=4;Venant;Yamaha;2015;1 100 000 F Cfa;"Amitié,
Dakar";Xmax 125 injection model 2015;https://i.roamcdn.net/hz/ed/listing-thumb-224w/b8955c5b965caa4bd87d3f0e7bc39fd9/-/horizon-files-prod/ed/picture/q9m96ekw/421ff33bf5b6caf08067b33dcb3118167da1cf03.jpg
1707773320-243;https://www.expat-dakar.com/motos-scooters?page=4;Neuf;Autre;;18 500 F Cfa;"Grand-Dakar,
Dakar";Ensemble antivol Moto en U et Bloque disque avec alarme;https://i.roamcdn.net/hz/ed/listing-thumb-224w/42609bd174d635a703393e1ec7fb6fa7/-/horizon-files-prod/ed/picture/qrdkpj8/e1a89bca668421d2f38126279d22a249e71a3117.png
1707773320-244;https://www.expat-dakar.com/motos-scooters?page=4;Venant;BMW;2003;1 600 000 F Cfa;"Hann maristes,
Dakar";BMW R1150 GS;https://i.roamcdn.net/hz/ed/listing-thumb-224w/d9175a39b0f812df91973300a48951b1/-/horizon-files-prod/ed/picture/q44879r8/5e43ae163c80e1626d7cfd6b6b465c0cc4d1e559.jpg
1707773320-245;https://www.expat-dakar.com/motos-scooters?page=4;Venant;Suzuki;2012;550 000 F Cfa;"Yoff,
Dakar";Suzuki safari avec cmc année 2012;https://i.roamcdn.net/hz/ed/listing-thumb-224w/0e1a51e52ec06ebb12a6314cbcdfc0b4/-/horizon-files-prod/ed/picture/q56x807e/d1e7aac9f80ecaff086f575023338807a105741c.jpg
1707773320-246;https://www.expat-dakar.com/motos-scooters?page=4;Venant;Harley Davidson;2008;700 000 F Cfa;"Yoff,
Dakar";HArlene davidsone 2008;https://i.roamcdn.net/hz/ed/listing-thumb-224w/2a2fc3c3a458bd14f421c3dce19a5f00/-/horizon-files-prod/ed/picture/qrzv4ed5/3f9b15067ffdafb1c6453eccc5317ada742f684b.jpg
1707773320-247;https://www.expat-dakar.com/motos-scooters?page=4;Neuf;Autre;2023;700 000 F Cfa;"Cambérène,
Dakar";Moto Électrique;https://i.roamcdn.net/hz/ed/listing-thumb-224w/0d943b0de775af9cbefdf4526df2cbad/-/horizon-files-prod/ed/picture/qxj2e2d8/8acdfd67234cccc21e11f1f0428afff77f081379.jpg
1707773320-248;https://www.expat-dakar.com/motos-scooters?page=4;Venant;Yamaha;2024;750 000 F Cfa;"Pikine,
Dakar";Yamaha majesty 400i;https://i.roamcdn.net/hz/ed/listing-thumb-224w/15f4d00f8aff9d66df094b4eb051be03/-/horizon-files-prod/ed/picture/qngxz5mx/ab86ac8427ce72f14620665e22de9b5c1060a984.jpg
1707773328-249;https://www.expat-dakar.com/motos-scooters?page=3;Venant;SYM;2015;375 000 F Cfa;"Guediawaye,
Dakar";Sym fighter 2015;https://i.roamcdn.net/hz/ed/listing-thumb-224w/0dc2e911feaa904e056c3378d2736ef4/-/horizon-files-prod/ed/picture/q8v5gxzx/0f112e8ee2d79e7240be21c5e963bcf97938a494.jpg
1707773328-250;https://www.expat-dakar.com/motos-scooters?page=3;D'occasion;Kymco;2017;650 000 F Cfa;"Ouakam,
Dakar";Kymco people one;https://i.roamcdn.net/hz/ed/listing-thumb-224w/ad531bc4f41e4a9ca6ba462e95758dbd/-/horizon-files-prod/ed/picture/qq47kzp4/d6faff473a47cef6136723e8e310542853ef21e5.jpg
1707773328-251;https://www.expat-dakar.com/motos-scooters?page=3;D'occasion;Honda;2017;2 800 000 F Cfa;"Ouakam,
Dakar";Honda integra;https://i.roamcdn.net/hz/ed/listing-thumb-224w/b570fa19610f4af3c48be04f25eeabf0/-/horizon-files-prod/ed/picture/qrzvkrd8/8b8ea117b70474f5f50cb84d8682b40acee8d1ac.jpg
1707773328-252;https://www.expat-dakar.com/motos-scooters?page=3;;;;85 000 F Cfa;"Ouakam,
Dakar";Moto;https://i.roamcdn.net/hz/ed/listing-thumb-224w/7b9e5c5cda88432e2cc6fb47a55fbcfe/-/horizon-files-prod/ed/picture/q6xk2dmg/9cbde60e0d016f157f08193a6a15dc8660a00c0d.jpg
1707773328-253;https://www.expat-dakar.com/motos-scooters?page=3;Neuf;Piaggio;2020;1 F Cfa;"Almadies 2,
Dakar";Piaggio vespa lx 2t50cc;https://i.roamcdn.net/hz/ed/listing-thumb-224w/e8eed094ab4e6b70200f05e7a967e62d/-/horizon-files-prod/ed/picture/q56x2d6x/c62bd42403e0f22618adfa6da9cb2dde76987d8b.jpg
1707773328-254;https://www.expat-dakar.com/motos-scooters?page=3;Neuf;Autre;2024;9 999 999 F Cfa;"Mbour,
Thiès";Découvrez l'autre dimension;https://i.roamcdn.net/hz/ed/listing-thumb-224w/4408173cf2741469c8eac0954012a3b4/-/horizon-files-prod/ed/picture/qenqmvp9/2244fd495f22bc333a619d7b3d247bcf8b0bd189.jpg
1707773328-255;https://www.expat-dakar.com/motos-scooters?page=3;Neuf;Honda;2020;1 400 000 F Cfa;"Colobane,
Dakar";Sh 125;https://i.roamcdn.net/hz/ed/listing-thumb-224w/6b90ffcf1223dcd853be9244c3b197db/-/horizon-files-prod/ed/picture/q2jq20zj/6a6eaa8577b49d01d5e361a3201cd9111a813319.jpg
1707773328-256;https://www.expat-dakar.com/motos-scooters?page=3;Neuf;Can Am;2023;4 750 000 F Cfa;"Hann maristes,
Dakar";A vendre Quad Can-Am Ryker;https://i.roamcdn.net/hz/ed/listing-thumb-224w/3778767cb109133ae0b9729d947d8cfc/-/horizon-files-prod/ed/picture/q6xk7dmz/4795f30c6f71f3645a8631b0505e8d1a29f6f423.jpg
1707773328-257;https://www.expat-dakar.com/motos-scooters?page=3;Venant;Suzuki;2012;1 900 000 F Cfa;"Hann maristes,
Dakar";A vendre Suzuki 800;https://i.roamcdn.net/hz/ed/listing-thumb-224w/cc9e4d0a22bc1c954c349faae1c7cd23/-/horizon-files-prod/ed/picture/q2jqn9qp/f7fc025adf3c30d05c70f4677032385c4f808a2c.jpg
1707773328-258;https://www.expat-dakar.com/motos-scooters?page=3;Neuf;Autre;2024;350 000 F Cfa;"Ouakam,
Dakar";vélo électrique;https://i.roamcdn.net/hz/ed/listing-thumb-224w/bc369bb15d1b78260b79cb965e03167c/-/horizon-files-prod/ed/picture/qj4r2725/7500b97723f6d5ddc25ee089b38de9913ef308c7.jpg
1707773328-259;https://www.expat-dakar.com/motos-scooters?page=3;Neuf;Yamaha;2024;875 000 F Cfa;"Liberte 6 extension,
Dakar";Yamaha Xcity 250 injection (Venant avec ses papiers);https://i.roamcdn.net/hz/ed/listing-thumb-224w/10e0699aa13e77c20365187e36c74317/-/horizon-files-prod/ed/picture/qngxn90r/fc181d97f7a6e95e158062f8e761f90525621938.jpg
1707773337-260;https://www.expat-dakar.com/motos-scooters?page=2;Venant;SYM;2015;375 000 F Cfa;"Guediawaye,
Dakar";Sym fighter 2015;https://i.roamcdn.net/hz/ed/listing-thumb-224w/0dc2e911feaa904e056c3378d2736ef4/-/horizon-files-prod/ed/picture/q8v5gxzx/0f112e8ee2d79e7240be21c5e963bcf97938a494.jpg
1707773337-261;https://www.expat-dakar.com/motos-scooters?page=2;Neuf;Autre;2024;450 000 F Cfa;"Ouakam,
Dakar";vélo électrique;https://i.roamcdn.net/hz/ed/listing-thumb-224w/818fc995401a1c505baf0e1d797d80ab/-/horizon-files-prod/ed/picture/qgq9zjdr/ba2a13c24dfa81eb512370c62224e6ef26bd490e.jpg
1707773337-262;https://www.expat-dakar.com/motos-scooters?page=2;Venant;Piaggio;2014;690 000 F Cfa;"Almadies 2,
Dakar";Piaggo beverly 2014;https://i.roamcdn.net/hz/ed/listing-thumb-224w/1f6d39f31f0e1e55b6763e6d4be38f96/-/horizon-files-prod/ed/picture/qm5pdk2d/c3a30e584f2c15bf81b1cfc02126ef5ed7f1f971.jpg
1707773337-263;https://www.expat-dakar.com/motos-scooters?page=2;Venant;Piaggio;2021;;"Médina,
Dakar";Scooter Bervelly 250;https://i.roamcdn.net/hz/ed/listing-thumb-224w/50ca41188130364ad633122bbcf10509/-/horizon-files-prod/ed/picture/qm5pkjmw/1ad26b3ad89f963e7c6720d7dae6bd14cc4eed96.jpg
1707773337-264;https://www.expat-dakar.com/motos-scooters?page=2;Venant;Yamaha;2024;700 000 F Cfa;"Médina,
Dakar";Moto yamaha virago xv;https://i.roamcdn.net/hz/ed/listing-thumb-224w/e8ff66ba08a8c79f395ba2cf13678856/-/horizon-files-prod/ed/picture/qv4e09xv/161a7a041d1093b7a95d5bdf7e73dc595d37ad79.jpg
1707773337-265;https://www.expat-dakar.com/motos-scooters?page=2;Venant;Honda;2019;3 500 000 F Cfa;"Keur Massar,
Dakar";Africa twin;https://i.roamcdn.net/hz/ed/listing-thumb-224w/558c2340cd18a678247d309605a5f25a/-/horizon-files-prod/ed/picture/q8v52k06/a88e417b33ff5577f9510869234d506795586153.jpg
1707773337-266;https://www.expat-dakar.com/motos-scooters?page=2;Venant;Yamaha;2012;1 100 000 F Cfa;"Yoff,
Dakar";YAMAHA HONDA SUZUKI;https://i.roamcdn.net/hz/ed/listing-thumb-224w/c3019204d2f9ee64010c0e02d808ad9d/-/horizon-files-prod/ed/picture/q9m925v6/d90db9630ed26fd468752eed9c15570de96c2533.jpg
1707773337-267;https://www.expat-dakar.com/motos-scooters?page=2;Neuf;Autre;;13 500 F Cfa;"Grand-Dakar,
Dakar";Bache moto Housse de protection;https://i.roamcdn.net/hz/ed/listing-thumb-224w/a0fa661aadb325ea28a95275565d98e5/-/horizon-files-prod/ed/picture/q8vzx6zj/910f1bdc8e0aa0ae3f94a363a1ee52949966d6b9.png
1707773337-268;https://www.expat-dakar.com/motos-scooters?page=2;D'occasion;Yamaha;2021;;"Ngor,
Dakar";Yamaha Tenere 700 - Modèle 2021 🏍️;https://i.roamcdn.net/hz/ed/listing-thumb-224w/53112742420a57e7a5acc140322aa2d3/-/horizon-files-prod/ed/picture/qngx5v49/12754241b0b1316bb8a18a4142d7651673ad24d7.jpg
1707773337-269;https://www.expat-dakar.com/motos-scooters?page=2;D'occasion;KTM;2009;1 300 000 F Cfa;"Ngor,
Dakar";KTM 450 EXC 2009 a Vendre;https://i.roamcdn.net/hz/ed/listing-thumb-224w/b6664b7fdef76947d267185b002fc05a/-/horizon-files-prod/ed/picture/qv4eq6zv/a18124839114665622298a5f681f23885a6e5c94.jpg
1707773337-270;https://www.expat-dakar.com/motos-scooters?page=2;D'occasion;Piaggio;2006;950 000 F Cfa;"Yoff,
Dakar";Piaggio Beverly 250;https://i.roamcdn.net/hz/ed/listing-thumb-224w/d8a7428b0a809436f8e3b62ae343b67b/-/horizon-files-prod/ed/picture/q9m92kpp/79762b0bf3f272ddc3094649d15dfcef87d52acc.jpg
1707773343-271;https://www.expat-dakar.com/motos-scooters?page=1;Venant;SYM;2015;375 000 F Cfa;"Guediawaye,
Dakar";Sym fighter 2015;https://i.roamcdn.net/hz/ed/listing-thumb-224w/0dc2e911feaa904e056c3378d2736ef4/-/horizon-files-prod/ed/picture/q8v5gxzx/0f112e8ee2d79e7240be21c5e963bcf97938a494.jpg
1707773343-272;https://www.expat-dakar.com/motos-scooters?page=1;Venant;TM;2020;3 500 000 F Cfa;"Sacré-cœur,
Dakar";X ADV 2020;https://i.roamcdn.net/hz/ed/listing-thumb-224w/842d86727044ffddc69bc2c9b26acee8/-/horizon-files-prod/ed/picture/q785d6x8/72fc755b33fa30457ebcdb34f8cb42e9974b3d1b.jpg
1707773343-273;https://www.expat-dakar.com/motos-scooters?page=1;D'occasion;BMW;2016;2 600 000 F Cfa;"Mermoz,
Dakar";Gs 1200;https://i.roamcdn.net/hz/ed/listing-thumb-224w/891022dfb73978a09fedafe38064c23a/-/horizon-files-prod/ed/picture/qm5pkq2w/fedc74bb577e0086c5c07dfefa72f6f89f1a2cbf.jpg
1707773343-274;https://www.expat-dakar.com/motos-scooters?page=1;D'occasion;BMW;2012;2 700 000 F Cfa;"Hann maristes,
Dakar";Bmw GS 1200 collection 30 years;https://i.roamcdn.net/hz/ed/listing-thumb-224w/6e6c885bb1d9b4fb86f3652fe8e8a4a5/-/horizon-files-prod/ed/picture/qpd655xm/800db00de58945837d6e5d93b33a04480f708706.jpg
1707773343-275;https://www.expat-dakar.com/motos-scooters?page=1;Venant;Yamaha;2021;2 800 000 F Cfa;"Plateau,
Dakar";T MAX 2021;https://i.roamcdn.net/hz/ed/listing-thumb-224w/d4b0c5934ecc24668183eb048fdbeca8/-/horizon-files-prod/ed/picture/q2jqdd2j/7969583f85926d302518beb0987225e1f4761b5b.jpg
1707773343-276;https://www.expat-dakar.com/motos-scooters?page=1;Neuf;Autre;2024;;"Ouakam,
Dakar";Moto électrique;https://i.roamcdn.net/hz/ed/listing-thumb-224w/b7abd68c8a91ae83807e0aea3ffcfa23/-/horizon-files-prod/ed/picture/qenq2j2j/8c2fe225bd22c88cb76eae43227893c20d7b78a1.jpg
1707773343-277;https://www.expat-dakar.com/motos-scooters?page=1;Venant;Kymco;2021;1 800 000 F Cfa;"Liberte 6 extension,
Dakar";Kymco Xciting S 400 (Nouveau Modèle 2021);https://i.roamcdn.net/hz/ed/listing-thumb-224w/050eac97076a4c141824cac8ed6ce719/-/horizon-files-prod/ed/picture/qwe295vm/e658c891066026534d1b401933e8c77a7f0233b2.jpg
1707773343-278;https://www.expat-dakar.com/motos-scooters?page=1;Venant;Piaggio;2006;250 000 F Cfa;"Hlm,
Dakar";liberty saraba;https://i.roamcdn.net/hz/ed/listing-thumb-224w/7528fab5d7d341384af4405858ada443/-/horizon-files-prod/ed/picture/qngxkz7k/784b4e63f7b3aaae40d8954feb4e56d9337507a0.jpg
1707773343-279;https://www.expat-dakar.com/motos-scooters?page=1;D'occasion;Kymco;2015;700 000 F Cfa;"Hann maristes,
Dakar";Kymco G-Dink 300i;https://i.roamcdn.net/hz/ed/listing-thumb-224w/90bd71b880f0d8cac9aea0d5119f5eaa/-/horizon-files-prod/ed/picture/qenq7n8d/9488015b631d9002f40628396372f6509d93a295.jpg
1707773343-280;https://www.expat-dakar.com/motos-scooters?page=1;D'occasion;Honda;2018;2 500 000 F Cfa;"Liberte 6,
Dakar";Honda Africa Twin 1000 CRF 2018;https://i.roamcdn.net/hz/ed/listing-thumb-224w/74fef346cd378a477ace509528d172ba/-/horizon-files-prod/ed/picture/q785d9ee/554fe2028c1f99217c4ef1672b0b7612d7161f27.jpg
1707773343-281;https://www.expat-dakar.com/motos-scooters?page=1;Neuf;Autre;2024;500 000 F Cfa;"Ouakam,
Dakar";vélo électrique;https://i.roamcdn.net/hz/ed/listing-thumb-224w/236f8c27dd9c977994415fdd38578870/-/horizon-files-prod/ed/picture/qwe2j5wd/6906b05a31018109c473109e07322d45e46604ed.jpg
